id,name
EFO_0008521,rhinitis
HP_0000989,pruritus
EFO_0004256,neuromyelitis optica
EFO_1001417,"rhinitis, allergic, perennial"
MONDO_0005271,allergic disease
EFO_0005854,allergic rhinitis
HP_0001742,nasal congestion
MONDO_0005277,migraine disorder
EFO_1000749,pemphigus
EFO_0007141,allergic conjunctivitis
EFO_0004191,androgenetic alopecia
MONDO_0009291,glycogen storage disease iii
EFO_0005751,eye allergy
MONDO_0005301,multiple sclerosis
EFO_0003956,seasonal allergic rhinitis
HP_0000964,eczematoid dermatitis
MONDO_0002406,dermatitis
EFO_0005531,urticaria
EFO_0000274,atopic eczema
EFO_0003830,prostatitis
EFO_0003060,non-small cell lung carcinoma
EFO_0000095,chronic lymphocytic leukemia
EFO_0000756,melanoma
MONDO_0004985,bipolar disorder
EFO_0003843,pain
MONDO_0004979,asthma
EFO_0000341,chronic obstructive pulmonary disease
MONDO_0008903,lung cancer
MONDO_0005129,cataract
MONDO_0015486,keratoconus
HP_0000303,mandibular prognathia
EFO_0004992,otitis media
MONDO_0018076,tuberculosis
EFO_0003103,urinary tract infection
EFO_0007486,sinusitis
EFO_0000544,infection
HP_0100806,sepsis
EFO_1001141,pyelonephritis
MONDO_0024355,respiratory tract infectious disorder
EFO_1001034,mastitis
EFO_1001391,periapical periodontitis
EFO_1001313,enterobacteriaceae infections
EFO_0003106,pneumonia
HP_0002017,nausea and vomiting
EFO_0000616,neoplasm
EFO_0004337,intelligence
EFO_0000712,stroke
EFO_0003918,obstructive sleep apnea
EFO_0001074,morbid obesity
MONDO_0021233,ear neoplasm
EFO_0003833,brain neoplasm
MONDO_0041052,postherpetic neuralgia
EFO_0003877,sleep apnea
EFO_0005611,opioid dependence
EFO_0009483,breast disease
EFO_0010702,opioid use disorder
HP_0002093,respiratory insufficiency
EFO_0003777,heart disease
EFO_0003917,premature birth
EFO_0009842,respiratory depression
EFO_0006834,septic shock
EFO_0000691,sarcoma
MONDO_0011962,endometrial cancer
MONDO_0021310,malignant tumor of neck
EFO_0000183,hodgkins lymphoma
EFO_0000673,prostate adenocarcinoma
EFO_1000292,hepatoblastoma
EFO_0009869,xerostomia
MONDO_0019391,fanconi anemia
MONDO_0002691,liver cancer
EFO_0000621,neuroblastoma
EFO_1001951,colorectal carcinoma
MONDO_0008170,ovarian cancer
EFO_1000657,rectum cancer
EFO_0000565,leukemia
EFO_0001378,multiple myeloma
EFO_0000770,malignant pleural mesothelioma
EFO_0003100,peripheral neuropathy
MONDO_0008380,retinoblastoma
MONDO_0007254,breast cancer
MONDO_0001187,urinary bladder cancer
EFO_1000158,central nervous system neoplasm
MONDO_0008978,chordoma
EFO_0000574,lymphoma
EFO_0005952,non-hodgkins lymphoma
EFO_0002428,chronic myeloproliferative disorder
MONDO_0008315,prostate cancer
EFO_1001219,trigeminal neuralgia
MONDO_0002974,cervical cancer
EFO_0000198,myelodysplastic syndrome
MONDO_0003751,childhood germ cell tumor
EFO_0000222,acute myeloid leukemia
MONDO_0002367,kidney cancer
EFO_0006859,head and neck malignant neoplasia
MONDO_0002087,peritoneum cancer
MONDO_0002158,fallopian tube cancer
MONDO_0018555,hypogonadotropic hypogonadism
EFO_0003882,osteoporosis
EFO_0001663,prostate carcinoma
EFO_0002610,cocaine dependence
MONDO_0018800,kallmann syndrome
EFO_0000545,infertility
EFO_0000196,metastatic prostate cancer
EFO_0000512,reproductive system disease
MONDO_0002146,hypogonadism
EFO_0000319,cardiovascular disease
EFO_0004270,restless legs syndrome
EFO_0003770,diabetic retinopathy
EFO_1001919,spinal cord injury
EFO_0003768,nicotine dependence
MONDO_0043209,albinism
MONDO_0018910,oculocutaneous albinism
MONDO_0005180,parkinson disease
EFO_0004895,tourette syndrome
HP_0002381,aphasia
EFO_0005252,orthostatic hypotension
HP_0012532,chronic pain
EFO_0001358,post-traumatic stress disorder
HP_0003418,back pain
MONDO_0043510,brain injury
MONDO_0019200,retinitis pigmentosa
MONDO_0005090,schizophrenia
MONDO_0001020,amblyopia
MONDO_0004976,amyotrophic lateral sclerosis
EFO_0001365,age-related macular degeneration
EFO_0003756,autism spectrum disorder
MONDO_0007113,angelman syndrome
EFO_0005755,rheumatic disease
HP_0003326,myalgia
HP_0002829,arthralgia
DOID_7551,gonorrhea
EFO_0003102,osteomyelitis
MONDO_0008667,von hippel-lindau disease
EFO_0002618,pancreatic carcinoma
EFO_0000588,mesothelioma
EFO_0002430,primary myelofibrosis
EFO_0004288,colonic neoplasm
EFO_0000519,glioblastoma multiforme
EFO_0000339,chronic myelogenous leukemia
EFO_0000403,diffuse large b-cell lymphoma
EFO_0000389,cutaneous melanoma
EFO_0009708,metastasis
EFO_0003869,breast neoplasm
EFO_1001901,neuroendocrine neoplasm
MONDO_0004992,cancer
EFO_0000771,bacterial disease
EFO_0003913,angina pectoris
MONDO_0005147,type 1 diabetes mellitus
EFO_0000612,myocardial infarction
EFO_0000537,hypertension
EFO_0003144,heart failure
EFO_0001645,coronary artery disease
HP_0000093,proteinuria
EFO_1001150,renal artery obstruction
HP_0003124,hypercholesterolemia
EFO_0000373,congestive heart failure
EFO_0000400,diabetes mellitus
EFO_0003914,atherosclerosis
MONDO_0001134,essential hypertension
EFO_1001153,renovascular hypertension
MONDO_0005148,type 2 diabetes mellitus
MONDO_0100096,covid-19
EFO_0003896,left ventricular hypertrophy
MONDO_0100431,migraine without aura
EFO_0000694,severe acute respiratory syndrome
EFO_0003047,hepatitis c virus infection
MONDO_0005475,migraine with aura
EFO_0000407,dilated cardiomyopathy
EFO_0000275,atrial fibrillation
EFO_0000280,barrett's esophagus
EFO_0004701,methamphetamine dependence
MONDO_0002491,substance abuse
EFO_0008573,alcoholic liver disease
EFO_0000538,hypertrophic cardiomyopathy
HP_0100543,cognitive impairment
EFO_0000266,aortic stenosis
Orphanet_309005,disorder of lipid metabolism
EFO_0000764,hiv infection
EFO_0008620,polycystic kidney disease
EFO_0000401,diabetic nephropathy
EFO_0005762,neuropathic pain
EFO_0004285,albuminuria
EFO_0000180,hiv-1 infection
EFO_0003884,chronic kidney disease
MONDO_0004975,alzheimer disease
EFO_0000555,irritable bowel syndrome
EFO_0000685,rheumatoid arthritis
MONDO_0005178,osteoarthritis
HP_0000616,miosis
MONDO_0003005,macular retinal edema
EFO_0005752,eye inflammation
MP_0001845,inflammation
EFO_0000676,psoriasis
EFO_0004192,alopecia areata
EFO_1001051,mycosis fungoides
EFO_0002913,cutaneous t-cell lymphoma
MONDO_0020077,myelodysplastic/myeloproliferative disease
EFO_1001110,pituitary-dependent cushing's disease
EFO_1000785,sezary's disease
EFO_0005411,schizoaffective disorder
EFO_1000747,parapsoriasis
EFO_0005537,triple-negative breast cancer
MONDO_0002108,thyroid cancer
EFO_0003032,anaplastic large cell lymphoma
MONDO_0015760,t-cell non-hodgkin lymphoma
EFO_0000432,breast ductal carcinoma in situ
EFO_0000564,leiomyosarcoma
EFO_1001042,mesenchymoma
MONDO_0011934,dermatofibrosarcoma protuberans
EFO_0005088,testicular carcinoma
EFO_0005561,histiocytoma
EFO_1001365,"lymphoma, aids-related"
EFO_0001376,synovial sarcoma
MONDO_0044917,t-lymphoblastic lymphoma
EFO_0000220,acute lymphoblastic leukemia
MONDO_0000870,childhood acute lymphoblastic leukemia
EFO_0007143,alveolar soft part sarcoma
EFO_0000437,embryonal rhabdomyosarcoma
EFO_1001938,b-cell non-hodgkins lymphoma
MONDO_0005094,hemangiopericytoma
EFO_0000239,adrenal gland pheochromocytoma
EFO_0000637,osteosarcoma
EFO_0000096,neoplasm of mature b-cells
MONDO_0002715,uterine cancer
EFO_0000760,malignant peripheral nerve sheath tumor
MONDO_0017387,epithelioid sarcoma
MONDO_0000873,lymphoblastic lymphoma
EFO_0000569,liposarcoma
EFO_1001469,mantle cell lymphoma
MONDO_0009348,classic hodgkin lymphoma
MONDO_0002601,teratoma
MONDO_0019004,kidney wilms tumor
MONDO_0018906,follicular lymphoma
EFO_1001968,soft tissue sarcoma
EFO_0000174,ewing sarcoma
EFO_0003968,angiosarcoma
EFO_0000702,small cell lung carcinoma
EFO_0000209,t-cell acute lymphoblastic leukemia
EFO_0002918,rhabdomyosarcoma
MONDO_0003510,malignant testicular germ cell tumor
MONDO_0001325,penile cancer
MONDO_0002678,pediatric fibrosarcoma
EFO_0004252,nasopharyngeal neoplasm
EFO_0000514,germ cell tumor
EFO_0000248,alveolar rhabdomyosarcoma
EFO_0000211,unspecified peripheral t-cell lymphoma
EFO_1000251,fallopian tube carcinoma
EFO_1000613,uterine carcinosarcoma
EFO_0004281,testicular neoplasm
EFO_0007362,mediastinal cancer
EFO_0000309,burkitts lymphoma
MONDO_0004192,urethra cancer
EFO_0000313,carcinoma
MONDO_0005041,glaucoma
HP_0001919,acute kidney injury
EFO_1001892,generalized anxiety disorder
HP_0001250,seizure
EFO_0000474,epilepsy
MONDO_0007079,alcohol dependence
EFO_0005230,anxiety
HP_0002014,diarrhea
MONDO_0019262,juvenile neuronal ceroid lipofuscinosis
Orphanet_365,glycogen storage disease due to acid maltase deficiency
Orphanet_77259,gaucher disease type 1
MONDO_0017720,gm2 gangliosidosis
MONDO_0018150,gaucher disease
MONDO_0002412,disorder of glycogen metabolism
MONDO_0018982,niemann-pick disease type c
MONDO_0010006,sandhoff disease
MONDO_0009061,cystic fibrosis
MONDO_0019064,hereditary spastic paraplegia
MONDO_0005351,anorexia nervosa
HP_0000938,osteopenia
MONDO_0022394,cervical intraepithelial neoplasia
EFO_0010269,amenorrhea
MP_0001914,hemorrhage
EFO_1000623,vulvar lichen sclerosus
EFO_0005204,bulimia nervosa
EFO_0000731,uterine fibroid
EFO_0002950,pregnancy
EFO_1000098,atypical endometrial hyperplasia
EFO_0007453,postpartum depression
EFO_0000668,preeclampsia
EFO_1000645,orthostatic intolerance
EFO_0008560,female infertility
MONDO_0011972,ovarian hyperstimulation syndrome
EFO_0007442,placenta praevia
EFO_0007191,cannabis dependence
EFO_1000985,intermediate coronary syndrome
EFO_0000660,polycystic ovary syndrome
EFO_1001465,gliosarcoma
MONDO_0000831,thrombotic disease
EFO_1001375,myocardial ischemia
EFO_0001072,memory impairment
GO_0042697,menopause
EFO_0003893,ovarian neoplasm
MONDO_0002009,major depressive disorder
EFO_0009560,otitis externa
EFO_0010072,toothache
EFO_0002970,muscular disease
EFO_0004616,"osteoarthritis, knee"
EFO_0000649,periodontitis
MONDO_0002959,radiculopathy
HP_0003419,low back pain
EFO_0004272,anemia (phenotype)
EFO_0009582,sprain
EFO_0004607,duodenal ulcer
EFO_0003958,sunburn
EFO_0004274,gout
EFO_0002496,actinic keratosis
HP_0011868,sciatica
MONDO_0002120,neuroendocrine carcinoma
MONDO_0002026,candidiasis
EFO_0007512,tinea pedis
MONDO_0021201,skin infection
EFO_0007510,tinea
EFO_0003086,kidney disease
EFO_1000702,folliculitis
EFO_0009365,vaginal discharge
MONDO_0011382,sickle cell anemia
EFO_0003932,bacterial vaginosis
MONDO_0002041,fungal infectious disease
EFO_0007543,vulvovaginal candidiasis
EFO_0007406,oral candidiasis
EFO_0005754,parathyroid disease
EFO_1001173,secondary hyperparathyroidism
EFO_0003762,vitamin d deficiency
MONDO_0002508,gingivitis
EFO_0003929,relapsing-remitting multiple sclerosis
MONDO_0003778,inborn error of immunity
EFO_0005406,colorectal adenoma
EFO_0000365,colorectal adenocarcinoma
MONDO_0007915,systemic lupus erythematosus
EFO_0000765,aids
EFO_0001073,obesity
EFO_0003767,inflammatory bowel disease
EFO_0009516,burn
EFO_0007328,influenza
MONDO_0002898,skin cancer
EFO_0003854,postmenopausal osteoporosis
MONDO_0004647,in situ carcinoma
MONDO_0021063,malignant colon neoplasm
EFO_0005681,staphylococcus aureus infection
Orphanet_145,hereditary breast and ovarian cancer syndrome
EFO_0002609,juvenile idiopathic arthritis
EFO_0008572,malnutrition
EFO_0007405,optic neuritis
EFO_0000729,ulcerative colitis
EFO_1000049,pulmonary tuberculosis
MONDO_0002050,depressive disorder
EFO_0009686,respiratory failure
HP_0001891,iron deficiency anemia
EFO_1000961,helicobacter pylori infectious disease
MONDO_0002363,papilloma
EFO_0004593,gestational diabetes
EFO_0003931,bone fracture
MONDO_0018975,neurofibromatosis type 1
EFO_0004261,osteitis deformans
EFO_0007214,common cold
EFO_0003964,hip fracture
EFO_1000653,sarcopenia
EFO_0002546,abnormal glucose tolerance
EFO_0003944,tibia fracture
MONDO_0044881,hematopoietic and lymphoid cell neoplasm
EFO_0003758,autism
HP_0011950,bronchiolitis
EFO_0008506,hyperparathyroidism
MONDO_0021187,hyperlipidemia
EFO_1001121,prediabetes syndrome
EFO_0004248,male infertility
EFO_0003095,non-alcoholic fatty liver disease
EFO_0000384,crohn's disease
EFO_0000195,metabolic syndrome
Orphanet_43,x-linked adrenoleukodystrophy
EFO_1000760,rosacea
EFO_1000680,mucous membrane pemphigoid
EFO_1000684,dermatitis herpetiformis
EFO_0007448,pneumocystosis
EFO_0004719,pemphigus vulgaris
EFO_0009448,pulmonary fibrosis
HP_0001945,fever
EFO_0007444,plasmodium falciparum malaria
EFO_0003894,acne
MONDO_0019338,sarcoidosis
EFO_0007445,plasmodium vivax malaria
EFO_0001068,malaria
EFO_0001054,leprosy
EFO_0005775,aortic disease
MONDO_0015469,craniosynostosis
HP_0002619,varicose veins
MONDO_0001056,gastric cancer
EFO_0004190,open-angle glaucoma
HP_0007957,corneal opacity
MONDO_0003060,biliary tract cancer
EFO_0004268,sclerosing cholangitis
HP_0000545,myopia
EFO_0000294,bladder tumor
EFO_0000228,adenocarcinoma
EFO_0000182,hepatocellular carcinoma
EFO_0005221,cholangiocarcinoma
MONDO_0001235,appendix cancer
EFO_0003835,anal neoplasm
EFO_1000601,transitional cell carcinoma
EFO_0008528,urothelial carcinoma
HP_0012227,urethral stricture
MONDO_0004986,urinary bladder carcinoma
MONDO_0001879,anus cancer
EFO_0000181,head and neck squamous cell carcinoma
EFO_1001060,neovascular glaucoma
MONDO_0003199,anal carcinoma
EFO_0000678,pterygium
MONDO_0021117,lung neoplasm
HP_0010450,esophageal stenosis
EFO_1001069,ocular hypertension
EFO_0004208,vitiligo
EFO_0006862,meniere disease
EFO_0001422,cirrhosis of liver
EFO_0000349,clear cell renal carcinoma
EFO_0000503,gastric adenocarcinoma
EFO_0003860,pancreatic neoplasm
EFO_0004142,colorectal neoplasm
EFO_0004255,nephrotic syndrome
EFO_0003763,cerebrovascular disorder
EFO_0004278,sudden cardiac arrest
MONDO_0002462,glomerulonephritis
EFO_1000783,diabetic neuropathy
HP_0002018,nausea
EFO_0006510,herpes zoster
EFO_1000877,complex partial epilepsy
HP_0002069,bilateral tonic-clonic seizure
EFO_0009558,mononeuropathy
EFO_0006788,anxiety disorder
EFO_1000906,dry eye syndrome
EFO_0000342,chronic pancreatitis
HP_0012735,cough
HP_0000726,dementia
EFO_0003108,essential tremor
EFO_1001998,complex regional pain syndrome
EFO_0009846,muscle cramp
EFO_0009430,neuralgia
HP_0008419,intervertebral disk degeneration
EFO_0005687,fibromyalgia
HP_0007359,focal-onset seizure
MONDO_0004892,refractive error
EFO_0004149,neuropathy
EFO_1000781,overactive bladder
EFO_0000707,squamous cell carcinoma
EFO_0004257,neurotic disorder
EFO_1001884,dental phobia
EFO_0004698,insomnia
EFO_1001931,oropharynx cancer
EFO_0004263,partial epilepsy
EFO_0007228,cryptococcal meningitis
EFO_0007439,pityriasis versicolor
EFO_0007174,blastomycosis
EFO_1001283,"candidiasis, invasive"
EFO_0007310,histoplasmosis
EFO_0007494,sporotrichosis
EFO_0005046,cutaneous leishmaniasis
EFO_1001282,candidemia
EFO_1001240,vulvovaginitis
MONDO_0002234,vaginitis
EFO_1000992,intracranial hypertension
MONDO_0013730,graft versus host disease
EFO_0004233,leukopenia
EFO_1001413,respiratory syncytial virus infection
EFO_0007157,aspergillosis
EFO_1001249,non-alcoholic steatohepatitis
EFO_0007211,coccidioidomycosis
HP_0002019,constipation
EFO_1000359,malignant pancreatic neoplasm
EFO_0000713,subarachnoid hemorrhage
EFO_0009441,waldenstrom macroglobulinemia
EFO_0004264,vascular disease
EFO_0004319,smoking cessation
HP_0002140,ischemic stroke
EFO_0008522,secondary progressive multiple sclerosis
EFO_0004911,familial hypercholesterolemia
EFO_0005669,intracerebral hemorrhage
EFO_0008583,acute myocardial infarction
EFO_1001898,mucositis
EFO_0009783,carotid atherosclerosis
EFO_1001782,dental pulp exposure
MONDO_0010035,smith-lemli-opitz syndrome
EFO_1001343,"hemangioma, cavernous, central nervous system"
EFO_1001466,graves ophthalmopathy
MONDO_0018997,noonan syndrome
EFO_0005672,acute coronary syndrome
EFO_0000666,portal hypertension
EFO_0008568,sleep disorder
HP_0003119,abnormal circulating lipid concentration
MONDO_0010557,choroideremia
EFO_0600064,serum lipopolysaccharide activity
EFO_1001231,uveitis
EFO_0001361,pulmonary arterial hypertension
MONDO_0021118,intestinal neoplasm
EFO_0004211,hypertriglyceridemia
MONDO_0005149,pulmonary hypertension
EFO_1000652,acute pancreatitis
EFO_0004265,peripheral arterial disease
EFO_0000305,breast carcinoma
Orphanet_79211,combined hyperlipidemia
EFO_0003876,intermittent vascular claudication
EFO_0004197,hepatitis b virus infection
EFO_0009854,treatment resistant depression
EFO_0009963,bipolar i disorder
HP_0000713,agitation
EFO_0003015,aggressive behavior
EFO_0008586,non-st elevation myocardial infarction
EFO_0007148,aortic valve insufficiency
EFO_0005529,chagas cardiomyopathy
EFO_0008585,st elevation myocardial infarction
MONDO_0018965,alport syndrome
EFO_0004220,chronic hepatitis c virus infection
EFO_0007541,viral pneumonia
EFO_0003818,lung disease
EFO_0000551,intracranial hemorrhage
EFO_0007427,pericarditis
EFO_0003780,behcet's syndrome
EFO_1001486,primary biliary cirrhosis
EFO_0006803,vasculitis
EFO_0007224,coronavirus infectious disease
MONDO_0018088,familial mediterranean fever
EFO_0003863,urogenital neoplasm
EFO_0003938,aphthous ulcer
EFO_0009609,myocarditis
EFO_1001404,postpericardiotomy syndrome
EFO_1001129,proliferative vitreoretinopathy
EFO_0002687,ischemia reperfusion injury
EFO_0004269,cardiac arrhythmia
MONDO_0008223,hypokalemic periodic paralysis
MONDO_0015339,adrenomyeloneuropathy
EFO_0000224,acute promyelocytic leukemia
EFO_0000404,diffuse scleroderma
HP_0001257,spasticity
EFO_0004329,alcohol drinking
Orphanet_98757,spinocerebellar ataxia type 3
EFO_0001071,lung carcinoma
MONDO_0100339,friedreich ataxia
EFO_0003890,drug dependence
EFO_0003966,eye disease
EFO_0004239,chronic hepatitis b virus infection
HP_0200026,ocular pain
MONDO_0001330,presbyopia
MONDO_0007935,cystoid macular edema
EFO_0007355,male reproductive organ cancer
MONDO_0001572,leiomyoma
EFO_0009507,knee injury
EFO_0009620,rib fracture
HP_0003040,arthropathy
HP_0003470,paralysis
EFO_0009676,musculoskeletal system disease
EFO_0005251,hypotension
HP_0000138,ovarian cyst
HP_0030834,shoulder pain
HP_0000023,inguinal hernia
EFO_0007149,appendicitis
HP_0002027,abdominal pain
HP_0001822,hallux valgus
EFO_1001909,plantar fasciitis
EFO_1001250,rotator cuff tear
EFO_0000479,essential thrombocythemia
EFO_0002429,polycythemia vera
MONDO_0044903,myelofibrosis
MONDO_0005184,pancreatic ductal adenocarcinoma
HP_0000020,urinary incontinence
HP_0000103,polyuria
EFO_0005676,autoimmune hepatitis
EFO_0009104,hyperuricemia
MONDO_0010726,rett syndrome
EFO_0000308,bronchoalveolar adenocarcinoma
MONDO_0005411,gallbladder cancer
EFO_0000681,renal cell carcinoma
EFO_0006861,male breast carcinoma
EFO_0003050,large cell lung carcinoma
MONDO_0100342,malignant glioma
EFO_0000632,oligodendroglioma
EFO_0002501,anaplastic oligodendroglioma
MONDO_0007576,esophageal cancer
EFO_0005567,malignant peritoneal mesothelioma
MONDO_0003268,mixed glioma
MONDO_0000521,salivary gland carcinoma
MONDO_0044926,oropharyngeal carcinoma
Orphanet_733,familial adenomatous polyposis
EFO_0002499,anaplastic astrocytoma
MONDO_0020634,grade iii meningioma
EFO_0000571,lung adenocarcinoma
EFO_0000640,papillary renal cell carcinoma
EFO_0000708,squamous cell lung carcinoma
EFO_0003888,attention deficit hyperactivity disorder
MONDO_0015643,photosensitive epilepsy
EFO_0006911,chemotherapy-induced nausea and vomiting
EFO_0000191,malt lymphoma
EFO_1001272,bacterial pneumonia
EFO_0003030,abscess
MONDO_0000565,infective endocarditis
EFO_0009784,central serous retinopathy
HP_0001082,cholecystitis
EFO_0003033,bacteriemia
EFO_0009454,gastric ulcer
EFO_0007456,pseudomyxoma peritonei
EFO_1001345,"hepatitis, alcoholic"
EFO_0008533,dyspepsia
EFO_0007503,suppurative otitis media
EFO_0005323,post-operative sign or symptom
EFO_0007219,congenital syphilis
MONDO_0001475,neutropenia
EFO_1001216,tooth disease
HP_0011110,recurrent tonsillitis
MONDO_0002258,pharyngitis
EFO_1000025,cystitis
EFO_0000217,gastritis
EFO_0007205,chlamydia trachomatis infectious disease
EFO_0005741,infectious disease
MONDO_0000327,buruli ulcer disease
EFO_0006505,chronic bronchitis
HP_0100790,hernia
EFO_0007144,amebiasis
EFO_0007532,uterine corpus cancer
EFO_0001421,liver disease
EFO_0007183,bronchiolitis obliterans
EFO_0000464,emphysema
HP_0002239,gastrointestinal hemorrhage
EFO_0000556,ischemia
EFO_0009267,delirium
MONDO_0019438,al amyloidosis
EFO_0004287,ventricular fibrillation
EFO_0005306,ventricular tachycardia
HP_0004308,ventricular arrhythmia
EFO_0005407,psychosis
EFO_0000546,injury
EFO_0005856,arthritis
EFO_1001434,tendinopathy
HP_0003394,muscle spasm
EFO_1000941,frozen shoulder
EFO_0009552,hemorrhoid
EFO_0000218,acute erythroleukemia
EFO_0000223,acute myelomonocytic leukemia
EFO_0003027,acute myeloblastic leukemia without maturation
EFO_0003025,acute megakaryoblastic leukaemia
EFO_0003028,acute myeloblastic leukemia with maturation
EFO_0003029,acute basophilic leukemia
EFO_0004251,myeloproliferative disorder
EFO_0003865,kidney neoplasm
EFO_0000221,acute monocytic leukemia
EFO_1001342,helminthiasis
EFO_1001324,fascioliasis
EFO_0000641,papillary thyroid carcinoma
EFO_0001642,lymphoid neoplasm
EFO_0001416,cervical adenocarcinoma
EFO_0000501,follicular thyroid carcinoma
MONDO_0010526,fabry disease
MONDO_0004001,compartment syndrome
EFO_1000786,"osteoarthritis, hip"
EFO_0004242,obsessive-compulsive disorder
EFO_0003898,ankylosing spondylitis
EFO_0004236,focal segmental glomerulosclerosis
Orphanet_269,facioscapulohumeral dystrophy
MONDO_0019072,intrahepatic cholestasis
EFO_1000802,alcoholic liver cirrhosis
EFO_0002939,medulloblastoma
EFO_0004247,mood disorder
MONDO_0019188,rubinstein-taybi syndrome
MONDO_0019037,progressive supranuclear palsy
MONDO_0044970,mitochondrial disease
EFO_0000717,systemic scleroderma
EFO_0008526,status epilepticus
EFO_0008525,spinal muscular atrophy
MONDO_0010604,hemophilia b
MONDO_0010826,childhood absence epilepsy
HP_0002121,generalized non-motor (absence) seizure
Orphanet_83419,proximal spinal muscular atrophy type 3
MONDO_0018105,wolfram syndrome
MONDO_0007739,huntington disease
EFO_0007527,tropical spastic paraparesis
HP_0010865,oppositional defiant disorder
EFO_0003841,thyroid neoplasm
MONDO_0003478,childhood ependymoma
HP_0002013,vomiting
MONDO_0009293,glycogen storage disease v
HP_0031273,shock
EFO_0001075,ovarian carcinoma
HP_0002039,anorexia
EFO_0000763,viral disease
EFO_1002022,herpes simplex infection
EFO_1001888,eye infection
EFO_0004234,erectile dysfunction
EFO_0004714,sexual dysfunction
EFO_0000701,skin disease
EFO_1000796,adrenal cortex carcinoma
EFO_1001139,pulpitis
EFO_1002048,kidney failure
MONDO_0002280,anemia
EFO_0004230,endometrial neoplasm
EFO_1000465,penile carcinoma
EFO_1001512,endometrial carcinoma
EFO_0002617,metastatic melanoma
EFO_1000294,her2 positive breast carcinoma
EFO_1001100,peritoneal neoplasm
EFO_0003891,biliary tract neoplasm
EFO_0001061,cervical carcinoma
EFO_0000333,chondrosarcoma
MONDO_0015277,medullary thyroid gland carcinoma
MONDO_0019471,adult t-cell leukemia/lymphoma
EFO_0000255,angioimmunoblastic t-cell lymphoma
MONDO_0001023,prolymphocytic leukemia
HP_0006536,airway obstruction
EFO_0004286,venous thromboembolism
EFO_0008519,primary hyperparathyroidism
MONDO_0010679,duchenne muscular dystrophy
EFO_0000318,cardiomyopathy
EFO_0007361,maxillary sinusitis
EFO_1001904,oral mucositis
MONDO_0020547,chronic graft versus host disease
EFO_0000540,immune system disease
EFO_0005422,skin aging
EFO_1000910,dysplasia of cervix
MONDO_0002102,cheilitis
MONDO_0005341,skin basal cell carcinoma
EFO_0004193,basal cell carcinoma
HP_0001871,abnormality of blood and blood-forming tissues
EFO_0009709,metastatic neoplasm
EFO_0004599,acute graft vs. host disease
EFO_0003811,refractory anemia with excess blasts
EFO_0003778,psoriatic arthritis
MONDO_0002334,hematopoietic and lymphoid system neoplasm
EFO_1000690,epidermolysis bullosa
EFO_0003802,refractory anemia
HP_0001915,aplastic anemia
Orphanet_848,beta-thalassemia
MONDO_0021193,neuroepithelial neoplasm
HP_0012410,pure red cell aplasia
EFO_0006927,severe aplastic anemia
EFO_0005761,lupus nephritis
EFO_1001257,acute erythroblastic leukemia
EFO_1000560,t-cell prolymphocytic leukemia
EFO_1001779,chronic myelomonocytic leukemia
MONDO_0015253,diamond-blackfan anemia
MONDO_0009833,shwachman-diamond syndrome
MONDO_0019469,t-cell large granular lymphocyte leukemia
MONDO_0015974,severe combined immunodeficiency
MONDO_0019460,acute leukemia of ambiguous lineage
MONDO_0017198,osteopetrosis
MONDO_0000159,bone marrow failure syndrome
EFO_1000131,"blast phase chronic myelogenous leukemia, bcr-abl1 positive"
EFO_1001996,thalassemia
MONDO_0100244,paroxysmal nocturnal hemoglobinuria
EFO_1000309,juvenile myelomonocytic leukemia
EFO_0006475,plasma cell leukemia
EFO_0000094,b-cell acute lymphoblastic leukemia
MONDO_0010518,wiskott-aldrich syndrome
MONDO_0018922,cold agglutinin disease
EFO_1000956,hairy cell leukemia
EFO_1000318,langerhans cell histiocytosis
HP_0100727,histiocytosis
MONDO_0019472,extranodal nasal nk/t cell lymphoma
MONDO_0018305,chronic granulomatous disease
HP_0002721,immunodeficiency
EFO_0005803,hematologic disease
EFO_0004289,lymphoid leukemia
EFO_1000102,b-cell prolymphocytic leukemia
EFO_0000326,central nervous system cancer
MONDO_0001657,brain cancer
HP_0004419,recurrent thrombophlebitis
EFO_1001494,psoriasis vulgaris
HP_0002315,headache
HP_0001623,breech presentation
EFO_1001866,ventral hernia
MONDO_0000728,ptosis
EFO_0007490,spinal stenosis
HP_0000175,cleft palate
EFO_1001792,femoral neck fracture
EFO_1000994,intracranial vasospasm
EFO_0004229,dupuytren contracture
EFO_0009615,ankle fracture
EFO_1001267,aortic coarctation
HP_0001537,umbilical hernia
EFO_0004888,post operative nausea and vomiting
EFO_1001331,"genital neoplasm, female"
HP_0009926,epiphora
EFO_0004209,hypospadias
MONDO_0004567,ileus
EFO_1001087,parathyroid adenoma
EFO_0009314,blood coagulation disease
HP_0031217,hot flashes
EFO_0000502,ganglioneuroblastoma
EFO_0004145,myopathy
EFO_0007498,stiff-person syndrome
MONDO_0016700,anaplastic ependymoma
EFO_0004991,myasthenia gravis
HP_0001873,thrombocytopenia
EFO_1000905,drug-induced hepatitis
HP_0012228,tension-type headache
EFO_0003819,dental caries
EFO_1000710,hidradenitis suppurativa
EFO_0007415,otitis media with effusion
EFO_0001060,celiac disease
HP_0100749,chest pain
EFO_0009687,somatoform disorder
EFO_0003948,gastroesophageal reflux disease
MONDO_0024290,enuresis
EFO_0008623,dysthymic disorder
HP_0010992,stress urinary incontinence
EFO_0010282,gastrointestinal disease
MONDO_0001444,chagas disease
EFO_0008559,american trypanosomiasis
EFO_0005044,leishmaniasis
DOID_10113,trypanosomiasis
HP_0001397,hepatic steatosis
MONDO_0008300,prader-willi syndrome
EFO_0009086,arteriosclerosis
HP_0001824,weight loss
MONDO_0021661,coronary atherosclerosis
MONDO_0004933,hypoplastic left heart syndrome
EFO_0000768,idiopathic pulmonary fibrosis
EFO_1000782,altitude sickness
MONDO_0010383,fragile x syndrome
MONDO_0000594,pervasive developmental disorder
EFO_0003757,asperger syndrome
HP_0012167,hair-pulling
EFO_1002018,bronchial disease
MONDO_0009672,"spinal muscular atrophy, type iii"
MONDO_0004643,myeloid leukemia
EFO_0002460,hypertrophy
EFO_0005592,t-cell leukemia
HP_0012076,borderline personality disorder
HP_0012115,hepatitis
EFO_1001412,renal colic
EFO_0004253,nephrolithiasis
EFO_0000618,nervous system disease
EFO_1000831,bacterial meningitis
EFO_1000249,extramammary paget disease
HP_0001643,patent ductus arteriosus
EFO_0007160,autoimmune thrombocytopenic purpura
EFO_1001476,streptococcal infection
HP_0030833,neck pain
EFO_0004273,scoliosis
HP_0100607,dysmenorrhea
EFO_0007359,mast-cell leukemia
EFO_0011023,concussion
MONDO_0017287,igg4-related disease
EFO_0801084,cancer pain
MONDO_0019297,lymphedema
EFO_0009492,cardiac arrest
EFO_1000757,porokeratosis
MONDO_0044937,rectal carcinoma
MONDO_0004768,keratoconjunctivitis
MONDO_0005575,colorectal cancer
MONDO_0018213,hereditary sensory and autonomic neuropathy type 1
EFO_1001158,retinopathy of prematurity
MONDO_0005299,brain ischemia
MONDO_0004938,substance dependence
HP_0002094,dyspnea
EFO_0009692,voice disorders
MONDO_0021107,narcolepsy
EFO_0009444,hypoxia
HP_0002104,apnea
MONDO_0019091,bronchopulmonary dysplasia
HP_0001298,encephalopathy
EFO_0003779,hashimoto's thyroiditis
EFO_0006865,urgency urinary incontinence
EFO_0005950,head and neck neoplasia
EFO_1000437,ovarian yolk sac tumor
EFO_0003866,paranasal sinus neoplasm
EFO_1000564,testicular choriocarcinoma
EFO_0009637,pleural effusion
MONDO_0002358,laryngeal carcinoma
EFO_0003859,uterine neoplasm
MONDO_0021657,ovarian sex cord-stromal tumor
EFO_0000466,endometrioid carcinoma
EFO_0005922,esophageal squamous cell carcinoma
EFO_0008549,digestive system neoplasm
EFO_1000581,thymoma
EFO_0005235,primitive neuroectodermal tumor
EFO_0000199,oral squamous cell carcinoma
EFO_1000574,testicular yolk sac tumor
EFO_1002017,differentiated thyroid carcinoma
EFO_0004284,upper aerodigestive tract neoplasm
EFO_0002938,hypopharyngeal carcinoma
EFO_0003817,laryngeal neoplasm
EFO_0005577,pharynx cancer
MONDO_0044704,oropharynx squamous cell carcinoma
MONDO_0003001,seminoma
MONDO_0001528,vulva cancer
EFO_0005570,oral cavity cancer
EFO_1001959,hilar cholangiocarcinoma
EFO_0003826,salivary gland neoplasm
MONDO_0021364,neoplasm of oropharynx
EFO_0003868,mouth neoplasm
MONDO_0004669,salivary gland cancer
MONDO_0021355,neoplasm of esophagus
EFO_0000178,gastric carcinoma
EFO_1001960,hypopharyngeal squamous cell carcinoma
EFO_1000984,inflammatory breast carcinoma
MONDO_0016717,choroid plexus neoplasm
EFO_0007416,pancreatic endocrine carcinoma
MONDO_0002038,head and neck carcinoma
MONDO_0008627,ureter cancer
EFO_0005543,glioma
EFO_0009688,stomatitis
EFO_1000415,ovarian embryonal carcinoma
MONDO_0021148,female reproductive system neoplasm
EFO_0002626,thymus neoplasm
EFO_0004606,gallbladder neoplasm
EFO_0004243,carcinoid tumor
EFO_0002916,esophageal carcinoma
EFO_1001961,intrahepatic cholangiocarcinoma
EFO_0003897,stomach neoplasm
EFO_1001956,gallbladder carcinoma
EFO_1001471,merkel cell skin cancer
MONDO_0018944,gestational trophoblastic neoplasm
MONDO_0011719,gastrointestinal stromal tumor
EFO_1000576,thymic carcinoma
EFO_0003871,tongue neoplasm
EFO_0006352,laryngeal squamous cell carcinoma
EFO_0006772,undifferentiated carcinoma
EFO_1000043,ovarian serous cystadenocarcinoma
EFO_0007480,scrub typhus
EFO_0007304,hepatitis d virus infection
MONDO_0019052,inborn errors of metabolism
MONDO_0018328,homozygous familial hypercholesterolemia
EFO_0007313,hiv-associated nephropathy
EFO_0003963,freckles
MONDO_0019558,discoid lupus erythematosus
Orphanet_100,ataxia-telangiectasia
EFO_1001068,obstructive jaundice
HP_0002905,hyperphosphatemia
EFO_0003834,cutaneous lupus erythematosus
EFO_0005772,neurodegenerative disease
EFO_0001070,folate deficiency
EFO_0004237,graves disease
EFO_0009189,hyperthyroidism
EFO_1001496,autosomal dominant polycystic kidney disease
EFO_0004705,hypothyroidism
MONDO_0008310,hutchinson-gilford progeria syndrome
MONDO_0018473,hyperlipoproteinemia type 3
EFO_1000727,lipodystrophy
MONDO_0020732,progeria
EFO_0004246,mucocutaneous lymph node syndrome
EFO_0006890,fibrosis
EFO_0008546,poisoning
MONDO_0016487,beta-thalassemia intermedia
HP_0001324,muscle weakness
MONDO_0800373,carbon monoxide poisoning
EFO_0001062,cytomegalovirus infection
EFO_0000558,kaposi's sarcoma
EFO_0007386,mycobacterium avium complex disease
EFO_1000811,anterior uveitis
EFO_1001157,retinal vein occlusion
EFO_1000997,iritis
HP_0000559,corneal scarring
EFO_1000726,lichen planus
EFO_1001347,herpes labialis
EFO_0004775,toxic epidermal necrolysis
EFO_0007187,bullous pemphigoid
EFO_1001993,scleroderma
EFO_1001949,colon adenocarcinoma
EFO_1000764,seborrheic dermatitis
EFO_1000724,lichen disease
EFO_0008517,oral lichen planus
EFO_1001395,phlebitis
EFO_1000899,diastolic heart failure
Orphanet_758,pseudoxanthoma elasticum
EFO_0004232,eosinophilic esophagitis
HP_0100582,nasal polyposis
EFO_1000391,nasal cavity polyp
MONDO_0043771,radiodermatitis
HP_0000083,renal insufficiency
EFO_0008520,primary progressive multiple sclerosis
EFO_0001065,endometriosis
EFO_0009006,hyperandrogenism
EFO_1000826,atrophic gastritis
EFO_1001818,oral submucous fibrosis
EFO_0007430,persian gulf syndrome
MONDO_0010788,leber hereditary optic neuropathy
HP_0000155,oral ulcer
EFO_1001801,intracranial subdural hematoma
EFO_0003925,cognition
EFO_1001479,tumor lysis syndrome
MONDO_0002243,hemorrhagic disease
EFO_0003911,atrial flutter
EFO_0000589,metabolic disease
EFO_0000684,respiratory system disease
MONDO_0018044,idiopathic hypersomnia
EFO_1001271,atrophic vaginitis
MONDO_0001676,erythropoietic protoporphyria
Orphanet_79292,fish-eye disease
MONDO_0002203,constipation disorder
HP_0002590,paralytic ileus
HP_0002015,dysphagia
EFO_0004277,brain infarction
EFO_0007169,biliary dyskinesia
MONDO_0001583,diabetic polyneuropathy
EFO_0004244,interstitial lung disease
EFO_0004540,chronic fatigue syndrome
EFO_0004152,chorea
MONDO_0003441,dystonic disorder
EFO_0004280,movement disorder
EFO_1000632,cerebral palsy
EFO_1001893,hand-foot syndrome
EFO_0005279,temporomandibular joint disorder
EFO_0009606,macular degeneration
EFO_0000284,benign prostatic hyperplasia
MONDO_0042487,uterine cervix carcinoma in situ
MONDO_0011705,lymphangioleiomyomatosis
HP_0004398,peptic ulcer
MONDO_0004247,peptic ulcer disease
MONDO_0021056,familial adenomatous polyposis 1
EFO_1001950,colon carcinoma
MONDO_0010200,wilson disease
EFO_0000203,monoclonal gammopathy
MONDO_0003937,spondylitis
EFO_0009625,facial pain
MONDO_0024475,squamous cell intraepithelial neoplasia
EFO_0001668,human papilloma virus infection
MONDO_0004658,breast carcinoma in situ
HP_0001410,decreased liver function
EFO_0007380,mucormycosis
EFO_0003085,dedifferentiated liposarcoma
MONDO_0004565,intestinal obstruction
EFO_1000948,gastroparesis
HP_0033454,tube feeding
Orphanet_89936,x-linked hypophosphatemia
HP_0000975,hyperhidrosis
EFO_0000613,myxoid liposarcoma
HP_0000486,strabismus
EFO_0803321,premature ejaculation
EFO_0009579,postpartum hemorrhage
EFO_1001010,landau-kleffner syndrome
EFO_0004262,panic disorder
EFO_0001076,pseudomonas infection
EFO_1001078,orchitis
HP_0000044,hypogonadotropic hypogonadism
EFO_0007312,hiv wasting syndrome
EFO_0004610,acute lung injury
EFO_0007533,vasomotor rhinitis
EFO_1000014,acidosis
EFO_1000243,epidermal inclusion cyst
MONDO_0000945,venous insufficiency
EFO_0007375,molluscum contagiosum
EFO_1001518,heavy metal poisoning
EFO_0007282,genital herpes
EFO_0007308,herpes simplex virus keratitis
EFO_1001109,pituitary dwarfism
EFO_0009387,peripheral nervous system disease
EFO_1001097,periarthritis
EFO_1000013,prinzmetal's angina
HP_0002321,vertigo
EFO_0000662,polyp
EFO_1001454,amnesia
EFO_1000096,atrophy
EFO_1001006,klinefelter's syndrome
EFO_0007067,decubitus ulcer
MONDO_0019499,turner syndrome
MONDO_0002708,retinitis
EFO_1001302,cytomegalovirus retinitis
HP_0000121,nephrocalcinosis
MONDO_0001909,renal tubular acidosis
EFO_0001067,parasitic infection
MONDO_0003472,lice infestation
HP_0011499,mydriasis
EFO_1001793,fetal hypoxia
EFO_1000852,carcinoid syndrome
MONDO_0043579,enteritis
MONDO_0017611,pituitary tumor
EFO_1001485,acromegaly
MONDO_0017182,familial hyperinsulinism
EFO_0007535,verrucous carcinoma
EFO_1001052,myeloid sarcoma
EFO_0009907,desmoid-type fibromatosis
EFO_0000335,chromophobe renal cell carcinoma
EFO_0002892,thyroid carcinoma
EFO_0007227,croup
HP_0002110,bronchiectasis
EFO_1000644,newborn respiratory distress syndrome
EFO_0000232,adenoma
EFO_0007319,hyperprolactinemia
EFO_0000465,endocarditis
EFO_0003035,cellulitis
EFO_1001222,type iii hypersensitivity reaction disease
EFO_1001152,renal osteodystrophy
EFO_0003957,radius fracture
EFO_0009451,hypoparathyroidism
EFO_0006887,radiologic finding
MONDO_0000088,precocious puberty
EFO_0009029,central precocious puberty
EFO_0009505,head injury
HP_0000863,central diabetes insipidus
MONDO_0004782,diabetes insipidus
MONDO_0024574,von willebrand disease (hereditary or acquired)
HP_0031364,ecchymosis
EFO_0009481,paranasal sinus disease
EFO_0007379,mucocutaneous leishmaniasis
HP_0001541,ascites
EFO_0001069,nutritional disorder
EFO_0004143,carpal tunnel syndrome
MONDO_0002282,west nile fever
EFO_0009550,headache disorder
HP_0011106,hypovolemia
EFO_0004994,lumbar disc degeneration
MONDO_0019180,hereditary hemorrhagic telangiectasia
EFO_1001917,social anxiety disorder
HP_0000842,hyperinsulinemia
EFO_0009840,tachypnea
EFO_1000794,acute kidney tubular necrosis
HP_0001065,striae distensae
EFO_0000772,pneumococcal infection
EFO_0008518,polymyalgia rheumatica
EFO_0005549,diphtheria
EFO_1000350,malignant bone neoplasm
EFO_0004320,suicidal ideation
MONDO_0003544,spinal cord cancer
EFO_1001887,epicondylitis
EFO_0008510,lyme disease
EFO_0006346,severe cutaneous adverse reaction
MONDO_0100130,adult acute respiratory distress syndrome
EFO_0007243,ebola hemorrhagic fever
EFO_0009619,neuroma
EFO_1001459,diabetic foot
HP_0002902,hyponatremia
EFO_1000880,corneal neovascularization
EFO_1001134,pulmonary edema
EFO_0005547,dengue disease
MONDO_0021108,meningitis
EFO_0009364,non-allergic rhinitis
EFO_0007411,orthomyxoviridae infectious disease
EFO_0007332,japanese encephalitis
EFO_1001373,multiple organ failure
EFO_0009662,common wart
EFO_1000845,brain edema
HP_0200042,skin ulcer
HP_0002571,achalasia
MONDO_0019623,hereditary angioedema
HP_0000951,abnormality of the skin
EFO_0002614,insulin resistance
EFO_0001064,down syndrome
HP_0000360,tinnitus
MONDO_0017276,frontotemporal dementia
EFO_1000897,diabetic ketoacidosis
EFO_1001463,gastroenteritis
MONDO_0018661,zika virus infectious disease
EFO_1001923,varicose ulcer
MONDO_0002635,periodontal disorder
EFO_0007440,placenta accreta
MONDO_0009661,mucopolysaccharidosis type 6
EFO_1001753,abdominal abscess
EFO_1001209,temporal arteritis
EFO_0004321,attempted suicide
EFO_0005226,swine influenza
EFO_0009130,clostridium difficile infection
HP_0000952,jaundice
MONDO_0002471,bursitis
EFO_0007475,salmonella gastroenteritis
EFO_0005799,neonatal abstinence syndrome
EFO_1001289,"cholecystitis, acute"
HP_0025425,laryngospasm
MONDO_0010674,mucopolysaccharidosis type 2
MONDO_0003037,hypotrichosis
EFO_1000879,corneal edema
EFO_1001780,chylothorax
EFO_1001145,raynaud disease
MONDO_0016575,primary ciliary dyskinesia
Orphanet_136,cadasil
EFO_0004282,thoracic aortic aneurysm
EFO_0008590,status asthmaticus
MONDO_0017147,idiopathic pulmonary arterial hypertension
EFO_0007454,postpoliomyelitis syndrome
EFO_1001896,lateral epicondylitis
EFO_0004227,dengue hemorrhagic fever
MONDO_0004907,alopecia
HP_0006554,acute hepatic failure
EFO_0005585,shigellosis
EFO_1002000,takotsubo cardiomyopathy
EFO_0000699,sjogren syndrome
HP_0001943,hypoglycemia
EFO_1001103,persistent fetal circulation syndrome
MONDO_0002070,ventricular septal defect
MONDO_0004857,tendinitis
EFO_1000668,allergic contact dermatitis
MONDO_0007571,primary erythermalgia
EFO_0001666,aortic aneurysm
EFO_1000874,commensal clostridium infectious disease
HP_0001337,tremor
HP_0003228,hypernatremia
EFO_0005532,angioedema
EFO_1000637,acute respiratory distress syndrome
HP_0002045,hypothermia
EFO_0008507,interstitial cystitis
EFO_1001474,pneumococcal pneumonia
HP_0002745,oral leukoplakia
HP_0002307,drooling
MONDO_0016120,myotonic syndrome
HP_0002901,hypocalcemia
EFO_0004194,iga glomerulonephritis
EFO_1001849,staphylococcal skin infections
MONDO_0043544,nosocomial infection
EFO_0007272,filarial elephantiasis
EFO_0009536,blepharitis
EFO_0007501,strongyloidiasis
EFO_0007402,onchocerciasis
EFO_0007524,trichuriasis
EFO_0009488,spinal cord disease
HP_0001907,thromboembolism
HP_0004936,venous thrombosis
EFO_0003907,deep vein thrombosis
EFO_0003827,pulmonary embolism
EFO_0009449,keratitis
EFO_0007126,acanthamoeba keratitis
MONDO_0007369,hereditary coproporphyria
MONDO_0037939,porphyria
MONDO_0008294,acute intermittent porphyria
MONDO_0008297,variegate porphyria
EFO_1001361,localised scleroderma
EFO_0004212,keloid
EFO_0009190,thyrotoxicosis
HP_0040187,neonatal sepsis
EFO_0005203,eating disorder
MONDO_0000485,spasmodic dystonia
MONDO_0016241,alternating hemiplegia of childhood
MONDO_0016158,narcolepsy-cataplexy syndrome
MONDO_0009735,netherton syndrome
EFO_1001305,"dermatitis, perioral"
EFO_0000650,whooping cough
EFO_0009447,hypoxemia
EFO_1001399,"pneumonia, aspiration"
EFO_0005207,congenital heart disease
EFO_0003870,brain aneurysm
MONDO_0021698,alcohol-related disorders
EFO_1001328,fluoride poisoning
HP_0000820,abnormality of the thyroid gland
EFO_0004214,abdominal aortic aneurysm
EFO_0009659,aneurysm
EFO_0007470,rhinoscleroma
EFO_0009425,yersinia pestis infectious disease
MONDO_0007947,marfan syndrome
EFO_0000778,anthrax infection
MONDO_0007039,nf2-related schwannomatosis
EFO_1002047,spotted fever
EFO_0007460,reactive arthritis
EFO_1001788,eye burns
EFO_0007185,brucellosis
EFO_1001235,vibrio infectious disease
EFO_1001388,pelvic inflammatory disease
MONDO_0017816,primary systemic amyloidosis
EFO_0003878,urethritis
EFO_0009117,typhus
EFO_1001875,amyloidosis
EFO_0007410,ornithosis
EFO_0007504,syphilis
EFO_0007357,mansonelliasis
EFO_1001444,tularemia
EFO_0005222,avian influenza
EFO_1001475,schistosomiasis
EFO_0007314,hookworm infectious disease
EFO_0005425,language impairment
EFO_0000783,myositis
EFO_0008524,small cell carcinoma
MONDO_0021094,immunodeficiency disease
EFO_1001355,laryngopharyngeal reflux
EFO_1000829,bacterial conjunctivitis
EFO_0700060,duchenne and becker muscular dystrophy
Orphanet_1764,familial dysautonomia
EFO_1001402,postencephalitic parkinson disease
EFO_1001175,secondary parkinson disease
EFO_0006928,motion sickness
EFO_1000971,hyperemesis gravidarum
EFO_0003872,colitis
EFO_0000584,infectious meningitis
HP_0003072,hypercalcemia
EFO_1000456,parathyroid gland carcinoma
HP_0010783,erythema
EFO_0003840,chronic progressive multiple sclerosis
EFO_0008498,clear cell sarcoma
EFO_0002087,fibrosarcoma
EFO_0007147,anogenital venereal wart
MONDO_0009254,fucosidosis
EFO_0009259,skin carcinoma
MONDO_0001718,scleritis
MONDO_0010100,tay-sachs disease
EFO_1001380,niemann-pick disease
MONDO_0002380,myoepithelial tumor
MONDO_0019019,osteogenesis imperfecta
MONDO_0037745,fibromyxoid tumor
EFO_1000895,desmoplastic small round cell tumor
MONDO_0000432,lymphoplasmacytic lymphoma
EFO_0004826,anti-neutrophil antibody associated vasculitis
MONDO_0004095,b-cell neoplasm
MONDO_0018149,gm1 gangliosidosis
MONDO_0019148,wolman disease
EFO_1000965,henoch-schoenlein purpura
MONDO_0018868,metachromatic leukodystrophy
MONDO_0016537,lymphoproliferative syndrome
MONDO_0018544,adrenoleukodystrophy
MONDO_0015540,hemophagocytic syndrome
MONDO_0001705,pure red-cell aplasia
EFO_0005297,granulomatosis with polyangiitis
MONDO_0018271,peripheral primitive neuroectodermal tumor
EFO_0004254,membranous glomerulonephritis
EFO_0009538,chronic inflammatory demyelinating polyneuropathy
EFO_0007290,goodpasture syndrome
EFO_0006738,plasmacytoma
MONDO_0015564,castleman disease
EFO_1000784,microscopic polyangiitis
EFO_1001857,takayasu arteritis
MONDO_0009499,krabbe disease
MONDO_0000430,mature t-cell and nk-cell non-hodgkin lymphoma
EFO_1000028,ependymoma
EFO_0004235,exfoliation syndrome
HP_0100608,metrorrhagia
MONDO_0001744,angle-closure glaucoma
EFO_0009373,edema
EFO_1001312,endometritis
EFO_0008588,peritonitis
EFO_0004216,conduct disorder
MONDO_0018696,corticobasal syndrome
EFO_0002615,internal carotid artery stenosis
MONDO_0008458,spinocerebellar ataxia type 2
EFO_1001050,multiple system atrophy
MONDO_0008119,spinocerebellar ataxia type 1
EFO_1000954,habitual abortion
EFO_1001022,low tension glaucoma
EFO_1000809,anterior ischemic optic neuropathy
EFO_1000635,hemangioma
EFO_0003901,dysuria
EFO_1000999,joint disease
EFO_0009450,conjunctivitis
EFO_0005539,adrenal gland disease
HP_0000016,urinary retention
HP_0000011,neurogenic bladder
HP_0002148,hypophosphatemia
EFO_1000697,exanthem
EFO_0007549,zollinger-ellison syndrome
EFO_1001095,peptic esophagitis
EFO_1000979,hypothalamic neoplasm
MONDO_0018075,neural tube defect
EFO_1000837,beriberi
MONDO_0018914,hypotrichosis simplex
MONDO_0016028,erythromelalgia
MONDO_0010735,kennedy disease
EFO_0004266,primary ovarian insufficiency
EFO_0009429,mycobacterium infection
EFO_1001176,sensorineural hearing loss
MONDO_0015128,primary adrenal insufficiency
MONDO_0015898,adrenogenital syndrome
MONDO_0015129,chronic primary adrenal insufficiency
MONDO_0018479,congenital adrenal hyperplasia
EFO_1001226,uremia
EFO_1002014,melancholia
EFO_0007537,vestibular neuronitis
EFO_0004228,drug-induced liver injury
EFO_0001063,deafness
EFO_0009523,fecal incontinence
EFO_0007204,chickenpox
EFO_1001830,precursor t-cell lymphoblastic leukemia-lymphoma
HP_0030680,abnormal cardiovascular system morphology
EFO_1001055,myxedema
EFO_1000859,cerebral arterial disease
EFO_1001178,shoulder impingement syndrome
MONDO_0003660,adult lymphoma
MONDO_0003659,pediatric lymphoma
EFO_1000298,hydatidiform mole
EFO_0002893,choriocarcinoma
EFO_0000698,signet ring cell carcinoma
EFO_0007200,cerebral toxoplasmosis
MONDO_0002516,digestive system cancer
EFO_0000197,mucinous carcinoma
EFO_0007517,toxoplasmosis
MONDO_0005835,lynch syndrome
MONDO_0003059,bile duct cancer
HP_0004326,cachexia
MONDO_0024474,intraepithelial neoplasia
MONDO_0015626,charcot-marie-tooth disease
HP_0100716,self-injurious behavior
MONDO_0002277,arteriosclerosis disorder
EFO_0005924,binge eating
EFO_1000026,diffuse intrinsic pontine glioma
EFO_1001187,somatostatinoma
MONDO_0016693,subependymal giant cell astrocytoma
MONDO_0016691,pilocytic astrocytoma
MONDO_0024677,pancreatic insulinoma
EFO_1001769,carcinoid heart disease
EFO_1001307,dumping syndrome
EFO_0009431,intestinal disease
EFO_1000478,pituitary gland adenoma
MONDO_0024503,digestive system neuroendocrine neoplasm
HP_0003074,hyperglycemia
EFO_0003769,endocrine neoplasm
EFO_0002608,aids dementia
HP_0012378,fatigue
EFO_0005246,hypersomnia
MONDO_0010311,becker muscular dystrophy
MONDO_0003061,benign muscle neoplasm
EFO_1001346,hepatopulmonary syndrome
MONDO_0018531,carcinoma of liver and intrahepatic biliary tract
EFO_0010581,organophosphate poisoning
EFO_1001757,adenomyosis
HP_0008209,premature ovarian insufficiency
EFO_0000553,invasive lobular carcinoma
MONDO_0002135,optic nerve disorder
MONDO_0024300,hypophosphatemic rickets
EFO_0020003,drug toxicity
EFO_1001340,heat stroke
Orphanet_37553,cardiodysrhythmic potassium-sensitive periodic paralysis
MONDO_0008728,classic congenital adrenal hyperplasia due to 21-hydroxylase deficiency
EFO_1000039,meningeal tuberculosis
HP_0012424,chorioretinitis
EFO_0005558,hemolytic anemia
EFO_0007257,eosinophilic pneumonia
EFO_0004276,stevens-johnson syndrome
EFO_0005319,contact dermatitis
EFO_0009491,adrenocortical insufficiency
EFO_0008997,synovitis
EFO_1001194,subacute thyroiditis
EFO_0007403,ophthalmic herpes zoster
EFO_0007520,trichinosis
EFO_1001119,posterior uveitis
EFO_0009456,exfoliative dermatitis
HP_0001094,iridocyclitis
EFO_1001205,sympathetic ophthalmia
MONDO_0001280,choroiditis
EFO_1000694,erythema multiforme
EFO_1001435,tenosynovitis
MONDO_0021248,nervous system neoplasm
MONDO_0018309,hirschsprung disease
EFO_0003820,bone neoplasm
EFO_1001028,macular holes
EFO_0000337,chronic gastritis
MONDO_0043839,ulcer disease
HP_0100633,esophagitis
EFO_0004683,wet macular degeneration
GO_0060279,positive regulation of ovulation
EFO_0003097,empyema
EFO_0009680,pleural empyema
MONDO_0019956,encephalitis
EFO_1001148,relapsing polychondritis
EFO_1001806,macrophage activation syndrome
EFO_0000398,dermatomyositis
EFO_0005846,cryoglobulinemia
EFO_1001264,"anemia, hemolytic, autoimmune"
MONDO_0018923,22q11.2 deletion syndrome
EFO_0010134,kidney transplant
EFO_1001865,ventilator-associated pneumonia
Orphanet_60,alpha-1-antitrypsin deficiency
MONDO_0002679,cerebral infarction
MONDO_0002331,nephrosis
EFO_1000868,chronic inflammatory demyelinating polyradiculoneuropathy
EFO_1001207,systolic heart failure
EFO_0009315,thrombophilia
MONDO_0019514,hepatic veno-occlusive disease
MONDO_0002775,anovulation
EFO_0007315,hordeolum
EFO_0003781,carotid artery disease
EFO_1000860,cerebral atherosclerosis
EFO_0000495,fetal growth restriction
EFO_0009510,peripheral nerve injury
EFO_1001353,klebsiella infections
EFO_0005540,bile duct carcinoma
HP_0002153,hyperkalemia
MONDO_0018638,pseudohypoaldosteronism
HP_0002032,esophageal atresia
EFO_1001002,kernicterus
MONDO_0001751,cholestasis
EFO_0010690,renal dialysis
EFO_0009851,muscle atrophy
MONDO_0020673,arterial occlusion
EFO_1001506,primary angle closure glaucoma
MONDO_0002259,gonadal disorder
EFO_0000279,azoospermia
Orphanet_277,severe combined immunodeficiency due to adenosine deaminase deficiency
MONDO_0018919,mccune-albright syndrome
EFO_0009607,pituitary gland disease
MONDO_0008274,polyostotic fibrous dysplasia
EFO_1001062,nodular goiter
EFO_0004318,smoking behavior
HP_0001976,reduced antithrombin iii activity
HP_0005521,disseminated intravascular coagulation
GO_0042060,wound healing
EFO_0008496,chronic hepatitis
EFO_1000209,craniopharyngioma
EFO_0000658,plexiform neurofibroma
MONDO_0100116,middle east respiratory syndrome
MONDO_0018364,malignant epithelial tumor of ovary
EFO_1001359,leukocyte-adhesion deficiency syndrome
MONDO_0004580,retinal degeneration
Orphanet_53,albers-sch√∂nberg osteopetrosis
EFO_0009909,stage 5 chronic kidney disease
MONDO_0001240,neonatal anemia
EFO_0009446,asphyxia
MONDO_0003002,dysgerminoma
MONDO_0008867,biliary atresia
Orphanet_303,dystrophic epidermolysis bullosa
MONDO_0003783,lymphopenia
EFO_0003928,necrotizing enterocolitis
HP_0001399,hepatic failure
EFO_0003875,peripheral vascular disease
MONDO_0006058,wilms tumor
HP_0000473,torticollis
EFO_0009672,inner ear disease
EFO_0003073,asymptomatic myeloma
EFO_0007135,adult-onset still's disease
EFO_0004238,hearing loss
MONDO_0011776,cinca syndrome
EFO_0007323,inclusion body myositis
Orphanet_47045,familial cold urticaria
MONDO_0015597,pustulosis palmaris et plantaris
MONDO_0024280,polyarticular arthritis
Orphanet_903,von willebrand disease
MONDO_0010602,hemophilia a
MONDO_0011728,benign essential blepharospasm
Orphanet_93955,benign essential blepharospasm
HP_0000565,esotropia
EFO_0003899,contracture
HP_0012390,anal fissure
HP_0001347,hyperreflexia
EFO_1001054,myofascial pain syndrome
EFO_0009453,hemiplegia
EFO_0007159,atrophic rhinitis
EFO_1001092,patellofemoral pain syndrome
EFO_1000850,burning mouth syndrome
HP_0003549,abnormality of connective tissue
EFO_0007507,thoracic outlet syndrome
HP_0001605,vocal cord paralysis
HP_0032252,granuloma
MONDO_0002507,gingival overgrowth
MONDO_0019080,alopecia totalis
MONDO_0001437,pulmonary alveolar proteinosis
EFO_0007316,human t-lymphotropic virus 1 infectious disease
MONDO_0017719,gangliosidosis
EFO_0009562,polyneuropathy
EFO_0002689,antiphospholipid syndrome
EFO_0008610,ocular cicatricial pemphigoid
EFO_0005140,autoimmune disease
EFO_1001161,rheumatic heart disease
MONDO_0018904,primary membranoproliferative glomerulonephritis
MONDO_0018896,thrombotic thrombocytopenic purpura
HP_0002196,myelopathy
EFO_1000630,marginal zone b-cell lymphoma
EFO_0000557,juvenile dermatomyositis
EFO_0001423,encephalomyelitis
EFO_0007208,churg-strauss syndrome
EFO_1001383,opsoclonus-myoclonus syndrome
MONDO_0001549,hemolytic-uremic syndrome
MONDO_0021074,precancerous condition
EFO_0000231,adenoid cystic carcinoma
EFO_0004198,skin neoplasm
HP_0000999,pyoderma
EFO_0007168,berylliosis
EFO_0000706,spondyloarthropathy
EFO_0003828,spinal cord neoplasm
HP_0009588,vestibular schwannoma
EFO_0003016,collecting duct carcinoma
EFO_1000052,sex cord-stromal tumor
EFO_0000630,oligoastrocytoma
MONDO_0001576,telangiectasis
MONDO_0009937,pulmonary venoocclusive disease
EFO_1001111,placental site trophoblastic tumor
EFO_0005753,ocular vascular disease
MONDO_0002989,benign fibrous histiocytoma
EFO_0000348,clear cell adenocarcinoma
EFO_0005773,retinal detachment
EFO_0000272,astrocytoma
EFO_1000475,pineoblastoma
EFO_0003839,retinopathy
MONDO_0021632,primary brain neoplasm
MONDO_0016642,meningioma
EFO_1000823,aseptic meningitis
MONDO_0018092,vogt-koyanagi-harada disease
EFO_1001513,liver neoplasm
EFO_0008626,vitreous hemorrhage
EFO_0005774,brain disease
MONDO_0021311,malignant tumor of parathyroid gland
MONDO_0003196,appendix carcinoma
MONDO_0001402,vaginal cancer
MONDO_0021165,paget disease
EFO_0000549,insulinoma
MONDO_0001370,pericardial effusion
EFO_0006318,breast ductal adenocarcinoma
MONDO_0044348,hemoglobinopathy
EFO_0009482,drug allergy
Orphanet_2314,autosomal dominant hyper-ige syndrome
MONDO_0001085,interstitial nephritis
EFO_1001890,food allergy
EFO_1000685,dermatographia
EFO_0009661,bronchitis
EFO_0007425,peanut allergic reaction
EFO_0007369,milk allergic reaction
EFO_1001881,cold urticaria
HP_0004418,thrombophlebitis
HP_0000573,retinal hemorrhage
EFO_1001154,retinal artery occlusion
MONDO_0011760,scheie syndrome
MONDO_0001586,mucopolysaccharidosis type 1
MONDO_0011759,hurler-scheie syndrome
MONDO_0019249,mucopolysaccharidosis
MONDO_0011758,hurler syndrome
HP_0031047,paraproteinemia
MONDO_0015977,agammaglobulinemia
Orphanet_308,unverricht-lundborg disease
EFO_0003782,motor neuron disease
EFO_0020989,bone marrow transplantation
MONDO_0000437,cerebellar ataxia
EFO_0007292,guillain-barre syndrome
MONDO_0015517,common variable immunodeficiency
MONDO_0000465,atrioventricular block
EFO_0007469,rhabdoviridae infectious disease
MONDO_0018097,west syndrome
EFO_0000278,pancreatitis
Orphanet_665,albright hereditary osteodystrophy
EFO_0001379,endocrine system disease
EFO_0001380,hypopituitarism
EFO_0700081,primary short bowel syndrome
MONDO_0015183,short bowel syndrome
HP_0001510,growth delay
MONDO_0007078,pseudohypoparathyroidism type 1a
MONDO_0007793,hypochondroplasia
MONDO_0001967,gonadal dysgenesis
MONDO_0015514,hereditary endocrine growth disease
Orphanet_77261,gaucher disease type 3
MONDO_0001410,postmenopausal atrophic vaginitis
HP_0030016,dyspareunia
MONDO_0015667,acute myeloid leukemia by fab classification
EFO_0003921,pouchitis
Orphanet_264675,congenital pulmonary alveolar proteinosis
EFO_0004260,bone disease
EFO_1001348,hiv-associated lipodystrophy syndrome
MONDO_0002177,hyperinsulinism
MONDO_0015892,growth hormone insensitivity syndrome
MONDO_0009877,laron syndrome
Orphanet_273,steinert myotonic dystrophy
MONDO_0016107,myotonic dystrophy
EFO_0008571,viral conjunctivitis
EFO_1001094,penile neoplasm
MONDO_0021259,prostate neoplasm
EFO_1001082,panuveitis
MONDO_0016532,lennox-gastaut syndrome
EFO_1001762,autonomic dysreflexia
MONDO_0021400,polyp of colon
MONDO_0010298,lesch-nyhan syndrome
Orphanet_238583,hyperphenylalaninemia
MONDO_0009861,phenylketonuria
MONDO_0011628,propionic acidemia
HP_0001987,hyperammonemia
Orphanet_927,hyperammonemia due to n-acetylglutamate synthetase deficiency
MONDO_0004736,inborn disorder of amino acid metabolism
EFO_0005555,gamma chain deficiency
EFO_1001451,x-linked combined immunodeficiency diseases
EFO_0009730,polyarticular juvenile idiopathic arthritis
MONDO_0009290,glycogen storage disease ii
EFO_0004207,pathological myopia
EFO_0010977,macrovascular complications of diabetes
MONDO_0001941,blindness (disorder)
EFO_1000805,angioid streaks
MONDO_0020204,conjunctival tumor
EFO_0009473,hemolysis
EFO_1001311,end stage liver disease
MONDO_0016244,atypical hemolytic-uremic syndrome
MONDO_0019736,dense deposit disease
MONDO_0016168,cryopyrin-associated periodic syndrome
MONDO_0008633,muckle-wells syndrome
EFO_1000869,chronic interstitial cystitis
MONDO_0043768,thrombocytopenic purpura
MONDO_0017708,mevalonate kinase deficiency
EFO_1001165,schnitzler syndrome
EFO_1001478,systemic inflammatory response syndrome
DOID_13406,pulmonary sarcoidosis
MONDO_0019269,ichthyosis
HP_0000132,menorrhagia
MONDO_0020121,muscular dystrophy
MONDO_0016971,limb-girdle muscular dystrophy
EFO_0007140,allergic bronchopulmonary aspergillosis
EFO_1000714,impetigo
MONDO_0002123,calcinosis
EFO_0003837,calcification
EFO_0006951,ototoxicity
HP_0001952,glucose intolerance
MONDO_0037748,hyperlipoproteinemia
EFO_0007262,epilepsy with generalized tonic-clonic seizures
MONDO_0800207,"neuropathy, small fiber"
DOID_1947,trichomoniasis
MONDO_0001433,vaginal disorder
EFO_1000949,gastroschisis
EFO_0009520,contraception
EFO_1000844,brachial plexus neuropathy
EFO_1000824,asphyxia neonatorum
EFO_1000642,hemochromatosis
EFO_0007167,bell's palsy
EFO_1001821,osteoradionecrosis
EFO_0004259,osteonecrosis
EFO_1001248,non-alcoholic fatty liver
MONDO_0008116,oculopharyngeal muscular dystrophy
EFO_0007358,marburg hemorrhagic fever
MONDO_0001673,diarrheal disease
MONDO_0002474,primary hyperoxaluria
MONDO_0000845,fibrous dysplasia
EFO_1000926,erdheim-chester disease
EFO_1000986,intermediate uveitis
MONDO_0000837,bone resorption disease
EFO_0007176,bone giant cell tumor
MONDO_0002171,giant cell tumor
EFO_0009870,bone metastasis
EFO_0005800,substance withdrawal syndrome
MONDO_0001999,primary pulmonary hypertension
EFO_1001031,malignant hypertension
MONDO_0009179,recessive dystrophic epidermolysis bullosa
EFO_0005045,visceral leishmaniasis
MONDO_0016239,cystinosis
MONDO_0015926,pneumoconiosis
EFO_1001411,radiation pneumonitis
MONDO_0017853,hypersensitivity pneumonitis
HP_0002647,aortic dissection
MONDO_0002887,bile duct disorder
EFO_0000677,mental or behavioural disorder
MONDO_0004651,smallpox
EFO_1001330,foster-kennedy syndrome
MONDO_0041806,drug-resistant tuberculosis
EFO_0007381,multidrug-resistant tuberculosis
MONDO_0021679,gram-positive bacterial infections
EFO_0005757,vaginal inflammation
MONDO_0021678,gram-negative bacterial infections
EFO_1001255,spontaneous abortion
MONDO_0002046,alcohol abuse
EFO_0003099,cushing syndrome
HP_0005268,miscarriage
MONDO_0008094,familial multiple nevi flammei
EFO_0002627,vulvar intraepithelial neoplasia
MONDO_0021054,bone sarcoma
EFO_1000720,keratosis
EFO_0004777,alcohol withdrawal
MONDO_0010079,canavan disease
EFO_1000904,drug-induced dyskinesia
EFO_1000179,chronic neutrophilic leukemia
HP_0011974,myelofibrosis
MONDO_0024477,liver and intrahepatic bile duct neoplasm
EFO_1001012,leptomeningeal metastasis
EFO_0002890,renal carcinoma
MONDO_0016238,solitary fibrous tumor
EFO_0007137,aids related complex
MONDO_0015474,cryptosporidiosis
HP_0001653,mitral regurgitation
EFO_1001321,extrinsic allergic alveolitis
MONDO_0004750,language disorder
EFO_1001467,hypereosinophilic syndrome
MONDO_0020290,familial atrioventricular septal defect
EFO_0000759,lipoma
EFO_1001077,orbital plasma cell granuloma
MONDO_0009387,familial lipoprotein lipase deficiency
HP_0001788,premature rupture of membranes
EFO_0007401,oligohydramnios
MONDO_0009067,cystinuria
EFO_0007046,executive function
EFO_0003096,pick disease
EFO_0004699,gambling behaviour
MONDO_0004741,tyrosinemia
MONDO_0008753,alkaptonuria
HP_0000802,impotence
EFO_0004240,heroin dependence
EFO_0007307,herpes simplex virus gingivostomatitis
EFO_0007326,infectious mononucleosis
EFO_0004213,otosclerosis
MONDO_0002928,carcinosarcoma
MONDO_0021043,mixed neoplasm
MONDO_0021092,fallopian tube neoplasm
EFO_0009254,optic nerve glioblastoma
EFO_1001767,brain stem neoplasm
MONDO_0002492,acute kidney failure
EFO_0007409,ornithine carbamoyltransferase deficiency
EFO_1000919,endometrial stromal sarcoma
EFO_0007521,trichomonas vaginitis
EFO_1001314,pseudomembranous enterocolitis
HP_0010769,pilonidal sinus
DOID_10718,giardiasis
MONDO_0003632,endocervicitis
HP_0025267,snoring
EFO_1001223,ulcerative proctosigmoiditis
EFO_0009544,esophageal disease
EFO_1001295,microscopic colitis
EFO_1001294,lymphocytic colitis
EFO_0005628,proctitis
HP_0002043,esophageal stricture
EFO_1001293,collagenous colitis
EFO_1000036,lactic acidosis
EFO_0004710,pelvic organ prolapse
EFO_1001366,mastodynia
Orphanet_247,arrhythmogenic right ventricular dysplasia
Orphanet_550,melas
EFO_0000536,hyperplasia
HP_0000771,gynecomastia
MONDO_0021681,sexually transmitted disease
MONDO_0008195,paramyotonia congenita of von eulenburg
HP_0001657,prolonged qt interval
MONDO_0004169,premenstrual tension
MONDO_0100062,developmental and epileptic encephalopathy
EFO_1000286,granulocytic sarcoma
MONDO_0016586,systemic mastocytosis
EFO_1000654,childhood cancer
MONDO_0003175,salivary gland adenoid cystic carcinoma
HP_0100033,tics
EFO_0007344,leptospirosis
MONDO_0018875,li-fraumeni syndrome
MONDO_0019353,stargardt disease
MONDO_0021350,neoplasm of thorax
EFO_0004566,body weight gain
EFO_1001492,atrophic macular degeneration
HP_0002910,elevated circulating hepatic transaminase concentration
EFO_0004364,neurobehavioral manifestations
HP_0001268,mental deterioration
EFO_0003940,physical activity
EFO_1000045,pancreatic neuroendocrine tumor
MONDO_0017975,sex chromosome disorder of sex development
MONDO_0015229,bardet-biedl syndrome
HP_0001249,intellectual disability
EFO_1001390,peri-implantitis
EFO_0006790,cerebral amyloid angiopathy
HP_0002107,pneumothorax
MONDO_0001382,hepatorenal syndrome
EFO_0007450,poliomyelitis
EFO_0002497,acute hypotension
MONDO_0016047,endophthalmitis
EFO_0007324,inclusion conjunctivitis
EFO_0007363,meibomian cyst
EFO_0008509,lobular breast carcinoma
EFO_1000662,acneiform dermatitis
EFO_0007196,cauda equina syndrome
EFO_1001017,limited scleroderma
EFO_0003764,transient ischemic attack
MONDO_0008815,argininosuccinic aciduria
MONDO_0004739,urea cycle disorder
MONDO_0009563,maple syrup urine disease
MONDO_0019169,pyruvate dehydrogenase deficiency
EFO_0007193,carbamoyl phosphate synthetase i deficiency disease
MONDO_0015991,citrullinemia
Orphanet_79167,disorder of urea cycle metabolism and ammonia detoxification
MONDO_0016486,beta-thalassemia major
EFO_1001942,bronchogenic carcinoma
EFO_1000024,chronic rhinosinusitis
HP_0010307,stridor
MONDO_0015780,dyskeratosis congenita
MONDO_0019098,autoimmune thrombocytopenia
EFO_0003014,breast fibrocystic disease
Orphanet_552,mody
MONDO_0016075,filariasis
EFO_0007231,cysticercosis
EFO_0007516,toxocariasis
MONDO_0009258,classic galactosemia
EFO_0009426,necrosis
EFO_1001771,cardiac edema
EFO_0006818,stricture
EFO_0007129,acute chest syndrome
MONDO_0018373,avascular necrosis
Orphanet_413,hyperlipoproteinemia type 4
HP_0001258,spastic paraplegia
HP_0001647,bicuspid aortic valve
MONDO_0017830,severe canavan disease
MONDO_0000477,focal dystonia
MONDO_0001422,primary aldosteronism
MONDO_0003523,gastrin-producing neuroendocrine tumor
HP_0001601,laryngomalacia
MONDO_0001684,exocrine pancreatic insufficiency
EFO_0003943,humerus fracture
EFO_0000497,fibromatosis
MONDO_0004037,retinal edema
EFO_1000706,hand dermatosis
EFO_0010822,stenosing tenosynovitis
EFO_0009485,eye injury
EFO_1001224,ulnar neuropathy
EFO_1001908,phobic disorder
MONDO_0017314,"ehlers-danlos syndrome, vascular type"
EFO_1000892,dental fluorosis
EFO_1002003,hypersensitivity reaction disease
Orphanet_661,ondine syndrome
HP_0000540,hypermetropia
HP_0000483,astigmatism
EFO_0006792,lewy body dementia
EFO_0009001,mastocytosis
MONDO_0010520,x-linked alport syndrome
Orphanet_912,zellweger syndrome
MONDO_0015104,porphyria cutanea tarda
EFO_0009706,latent autoimmune diabetes in adults
MONDO_0010870,tibial muscular dystrophy
HP_0100523,liver abscess
HP_0012388,acute bronchitis
EFO_1000931,euthyroid sick syndrome
EFO_0008569,thiamine deficiency
MONDO_0024298,vitamin deficiency disorder
EFO_0004799,cholelithiasis
EFO_0004267,biliary liver cirrhosis
EFO_0004718,vascular dementia
EFO_0007318,hyperinsulinemic hypoglycemia
EFO_0007331,islet cell tumor
MONDO_0001734,tuberous sclerosis
HP_0001300,parkinsonism
EFO_0009669,flatulence
EFO_0009464,corneal disease
EFO_1001156,retinal vasculitis
EFO_0003851,meningeal neoplasm
HP_0030151,cholangitis
EFO_0008514,neurofibromatosis
EFO_0010726,total joint arthroplasty
EFO_1000453,paraganglioma
MONDO_0004235,diverticulitis
EFO_1000988,intestinal pseudo-obstruction
EFO_0009847,dizziness
EFO_0003959,cleft lip
MONDO_0018612,congenital hypothyroidism
EFO_0003822,hyperemia
MONDO_0007172,atrial septal defect 1
EFO_0005225,human african trypanosomiasis
MONDO_0010196,werner syndrome
HP_0001880,increased total eosinophil count
EFO_1000729,loiasis
EFO_1001814,nephrogenic fibrosing dermopathy
EFO_0007299,hemorrhagic fever with renal syndrome
EFO_0007338,lassa fever
EFO_0006912,radiation-induced nausea and vomiting
EFO_0003063,polymyositis
EFO_0002621,prostate intraepithelial neoplasia
Orphanet_183469,genetic hypopigmentation of the skin
MONDO_0036591,adrenal cortex neoplasm
HP_0001636,tetralogy of fallot
MONDO_0018089,double outlet right ventricle
EFO_1001450,wolff-parkinson-white syndrome
EFO_0009545,esophageal varices
MONDO_0018543,autosomal dominant hypocalcemia
EFO_0009534,biliary tract disease
MONDO_0015523,epithelioid hemangioendothelioma
MONDO_0024295,skin disease caused by bacterial infection
EFO_0004225,coronary vasospasm
MONDO_0004681,learning disability
MONDO_0008224,hyperkalemic periodic paralysis
MONDO_0011184,childhood apraxia of speech
EFO_1001228,ureterolithiasis
EFO_1001827,post-concussion syndrome
EFO_1001986,connective tissue disease
EFO_1000849,bronchial neoplasm
EFO_0009948,chorioamnionitis
HP_0004755,supraventricular tachycardia
MONDO_0021739,prurigo
MONDO_0019473,enteropathy-associated t-cell lymphoma
EFO_1001115,poems syndrome
EFO_0005809,type ii hypersensitivity reaction disease
EFO_0009856,lichen planopilaris
MONDO_0100017,pityriasis rubra pilaris
EFO_0009715,wheezing
EFO_1000738,necrobiosis lipoidica
EFO_1001332,giant lymph node hyperplasia
Orphanet_411,hyperlipoproteinemia type 1
MONDO_0002165,rectal neoplasm
EFO_0009531,aortic valve disease
MONDO_0007318,alagille syndrome
EFO_0007466,retroperitoneal cancer
EFO_1001972,undifferentiated pleomorphic sarcoma
MONDO_0007187,nevoid basal cell carcinoma syndrome
EFO_1000355,malignant mesothelioma
MONDO_0002547,nerve sheath neoplasm
MONDO_0017582,pituitary adenocarcinoma
EFO_0010582,morton neuroma
MONDO_0009723,leigh syndrome
EFO_1001254,noise-induced hearing loss
EFO_0007530,urinary schistosomiasis
MONDO_0007037,achondroplasia
EFO_1002027,osteomalacia
EFO_0005584,seborrheic keratosis
MONDO_0100053,anaphylaxis
EFO_0002616,macroglobulinemia
MONDO_0019992,pseudohypoparathyroidism
MONDO_0008501,sturge-weber syndrome
EFO_1000634,hamartoma
MONDO_0015263,brugada syndrome
EFO_1001799,incomplete abortion
EFO_0004224,coronary restenosis
MONDO_0017623,pten hamartoma tumor syndrome
EFO_1000312,kidney angiomyolipoma
EFO_0005220,pulmonary neuroendocrine tumor
MONDO_0008280,peutz-jeghers syndrome
HP_0009720,adenoma sebaceum
MONDO_0002603,angiomyolipoma
HP_0000225,gingival bleeding
EFO_0000693,schwannoma
EFO_0007287,glucosephosphate dehydrogenase deficiency
HP_0011123,inflammatory abnormality of the skin
EFO_0009085,arterial occlusive disease
HP_0200023,priapism
HP_0001655,patent foramen ovale
EFO_0008493,cerebral small vessel disease
EFO_0009200,eisenmenger syndrome
MONDO_0002013,lymphangioma
EFO_0009660,anus disease
HP_0100022,abnormality of movement
EFO_0000216,acinar cell carcinoma
MONDO_0007309,charcot-marie-tooth disease type 1a
EFO_1000822,ascorbic acid deficiency
EFO_1001169,scurvy
EFO_1001037,meconium aspiration syndrome
EFO_0005701,malignant rhabdoid tumour
MONDO_0009696,juvenile myoclonic epilepsy
EFO_0010680,hematoma
EFO_1001065,normal pressure hydrocephalus
EFO_1001132,pseudotumor cerebri
EFO_0007294,"hand, foot and mouth disease"
EFO_1001754,abruptio placentae
EFO_1001029,magnesium deficiency
HP_0002637,cerebral ischemia
EFO_1001101,periventricular leukomalacia
MONDO_0017795,ameloblastoma
EFO_1001482,cardiotoxicity
EFO_0007949,acute-on-chronic liver failure
EFO_0007434,pharyngoconjunctival fever
EFO_1001259,adenoviridae infections
HP_0011024,abnormality of the gastrointestinal tract
MONDO_0019053,peroxisomal disease
HP_0031284,flushing
MONDO_0001409,esophagitis
EFO_1001089,partial motor epilepsy
HP_0000479,abnormal retinal morphology
EFO_0000773,temporal lobe epilepsy
EFO_0020911,overdose
EFO_1001306,"diarrhea, infantile"
MONDO_0003406,sleep-wake disorder
MONDO_0024361,circadian rhythm sleep disorder
MONDO_0008434,smith-magenis syndrome
Orphanet_68335,chromosomal anomaly
EFO_0007462,rem sleep behavior disorder
EFO_0004129,familial amyloid neuropathy
MONDO_0002245,blood platelet disease
MONDO_0002450,prostatic adenoma
HP_0025268,stuttering
EFO_0009554,malabsorption syndrome
MONDO_0008153,progressive osseous heteroplasia
MONDO_0007606,fibrodysplasia ossificans progressiva
MONDO_0010269,coats disease
MONDO_0002629,bone osteosarcoma
EFO_1000982,inappropriate adh syndrome
Orphanet_364,glycogen storage disease due to glucose-6-phosphatase deficiency
EFO_1000728,lipomatosis
MONDO_0020088,familial partial lipodystrophy
EFO_0002756,fasting
EFO_0002622,rotavirus infection
EFO_0004249,meningococcal infection
HP_0001959,polydipsia
MONDO_0000396,spastic cerebral palsy
EFO_0004347,addictive behaviour
EFO_0009472,tympanic membrane perforation
MONDO_0017774,hypobetalipoproteinemia
EFO_0003960,computed tomography
MONDO_0018660,hemophilia
Orphanet_183654,rare genetic coagulation disorder
MONDO_0018029,congenital factor xiii deficiency
MONDO_0018570,hypophosphatasia
MONDO_0100326,glanzmann thrombasthenia
MONDO_0002244,factor vii deficiency
EFO_0000508,genetic disorder
MONDO_0002914,childhood brain stem neoplasm
EFO_0009094,idiopathic dilated cardiomyopathy
EFO_0007305,hepatitis a virus infection
EFO_1000893,denture stomatitis
EFO_0004335,short-term memory
EFO_1000062,lactose intolerance
EFO_0010682,liver transplant
HP_0003202,skeletal muscle atrophy
EFO_1000740,neurodermatitis
MONDO_0018938,mucopolysaccharidosis type 4
MONDO_0009659,mucopolysaccharidosis type 4a
EFO_1000466,penile fibromatosis
EFO_1000438,palmar fibromatosis
MONDO_0004180,benign urinary system neoplasm
EFO_0006789,typhoid fever
EFO_1001040,meningococcal meningitis
EFO_0007536,vesicoureteral reflux
HP_0011107,recurrent aphthous stomatitis
HP_0000539,abnormality of refraction
HP_0002242,abnormal intestine morphology
MONDO_0008737,congenital afibrinogenemia
MONDO_0003608,optic atrophy
HP_0000689,dental malocclusion
EFO_1001066,nut allergic reaction
EFO_1002025,measles
EFO_0007383,mumps virus infectious disease
EFO_0005593,tetanus
EFO_0000769,epstein-barr virus infection
MONDO_0019740,acquired thrombotic thrombocytopenic purpura
EFO_0007545,west nile encephalitis
EFO_0006835,pyoderma gangrenosum
MONDO_0015492,anti-neutrophil cytoplasmic antibody-associated vasculitis
EFO_0000734,vitamin b12 deficiency
MONDO_0042976,vitamin b deficiency
HP_0000738,hallucinations
HP_0002105,hemoptysis
Orphanet_46724,cerebral arteriovenous malformation
HP_0000077,abnormality of the kidney
EFO_0007399,ocular toxoplasmosis
MONDO_0018998,leber congenital amaurosis
EFO_1000704,granuloma annulare
EFO_1000123,bile duct adenoma
MONDO_0002586,thymus cancer
MONDO_0009025,apparent mineralocorticoid excess
MONDO_0004689,inborn metal metabolism disorder
MONDO_0009643,sulfite oxidase deficiency due to molybdenum cofactor deficiency type a
MONDO_0004737,homocystinuria
EFO_0007372,mitral valve stenosis
MONDO_0015798,inflammatory myofibroblastic tumor
MONDO_0008948,cerebrotendinous xanthomatosis
MONDO_0044792,large congenital melanocytic nevus
MONDO_0024647,urolithiasis
HP_0012042,aspirin-induced asthma
MONDO_0010888,adenomyosis
EFO_0007443,placental insufficiency
HP_0000618,blindness
EFO_1001106,pigmented villonodular synovitis
MONDO_0019172,aniridia
HP_0000131,uterine leiomyoma
EFO_0007496,staphylococcal pneumonia
EFO_1001481,enterocolitis
EFO_0007393,neuroaspergillosis
EFO_0007229,cryptococcosis
Orphanet_1334,chronic mucocutaneous candidosis
Orphanet_98974,fuchs endothelial corneal dystrophy
EFO_0004199,dysplastic nevus
EFO_0006344,medication adherence behavior
EFO_1001020,lipoid nephrosis
EFO_1000911,dystocia
EFO_0005223,acute stress reaction
HP_0001279,syncope
MONDO_0031037,famililal cerebral cavernous malformations
MONDO_0020066,ehlers-danlos syndrome
EFO_0009602,prostate disease
EFO_0009490,nervous system injury
MONDO_0021633,cerebral astrocytoma
EFO_1001933,adult acute monocytic leukemia
EFO_1000797,adrenal gland hyperfunction
MONDO_0002182,communication disorder
MONDO_0002025,psychiatric disorder
EFO_0004196,viral human hepatitis infection
EFO_0700022,lysosomal acid lipase deficiency
MONDO_0019149,cholesteryl ester storage disease
MONDO_0008840,ataxia telangiectasia
MONDO_0017612,junctional epidermolysis bullosa
EFO_0007195,cat-scratch disease
HP_0011736,primary hyperaldosteronism
MONDO_0019313,lymphatic malformation
EFO_0002921,vulvar carcinoma
MONDO_0004700,parotid gland cancer
MONDO_0021251,endometrium neoplasm
MONDO_0043243,leukoplakia
EFO_1000595,thyroid gland undifferentiated (anaplastic) carcinoma
EFO_0009549,female reproductive system disease
EFO_1001084,parametritis
EFO_1001362,lung abscess
EFO_0007291,granuloma inguinale
EFO_0007481,septicemic plague
EFO_1001045,middle cerebral artery infarction
EFO_0002503,cardiac hypertrophy
EFO_0009964,bipolar ii disorder
MONDO_0016063,cowden disease
MONDO_0005374,bone marrow neoplasm
MONDO_0016145,qualitative or quantitative defects of dysferlin
EFO_1001318,escherichia coli infections
EFO_0003825,serous adenocarcinoma
EFO_0020094,lambert-eaton myasthenic syndrome
EFO_1001863,uterine inertia
EFO_0007265,eumycotic mycetoma
MONDO_0024417,perceptual disorders
EFO_1001256,"acth syndrome, ectopic"
MONDO_0018848,igg4-related retroperitoneal fibrosis
MONDO_0005321,fuchs' endothelial dystrophy
MONDO_0024664,"hypertension, pregnancy-induced"
EFO_0005542,botulism
MONDO_0016295,neuronal ceroid lipofuscinosis
MONDO_0015674,late infantile neuronal ceroid lipofuscinosis
Orphanet_228349,cln2 disease
MONDO_0019261,infantile neuronal ceroid lipofuscinosis
MONDO_0009889,autosomal recessive polycystic kidney disease
EFO_1001214,tonsil cancer
EFO_0007220,congenital toxoplasmosis
EFO_0001356,familial amyotrophic lateral sclerosis
EFO_1001146,reflex epilepsy
HP_0000580,pigmentary retinopathy
EFO_1001797,hemoglobin sc disease
HP_0004763,paroxysmal supraventricular tachycardia
MONDO_0017778,lamellar ichthyosis
MONDO_0100464,acid sphingomyelinase deficiency
MONDO_0011871,niemann-pick disease type b
MONDO_0009662,mucopolysaccharidosis type 7
MONDO_0019289,hyperpigmentation of the skin
EFO_1000562,tenosynovial giant cell tumor
MONDO_0010543,barth syndrome
HP_0003287,abnormality of mitochondrial metabolism
Orphanet_206966,mitochondrial myopathy
EFO_1000739,neonatal jaundice
HP_0000265,mastoiditis
EFO_0009515,wrist fracture
EFO_0007297,hellp syndrome
MONDO_0006412,sinus histiocytosis with massive lymphadenopathy
Orphanet_1930,herpetic encephalitis
MONDO_0016226,specific language disorder
Orphanet_325690,genetic disorder of sex development
EFO_1001114,pneumococcal meningitis
EFO_1000830,bacterial endocarditis
MONDO_0022096,pyogenic granuloma
MONDO_0004822,bronchiectasis
EFO_0010642,neurodevelopmental disorder
EFO_1001164,sapho syndrome
EFO_1001013,lethal midline granuloma
EFO_1000407,olfactory neuroblastoma
MONDO_0002537,inverted papilloma
EFO_1001902,neuromuscular disease
MONDO_0009319,pantothenate kinase-associated neurodegeneration
Orphanet_158038,primary hemophagocytic lymphohistiocytosis
MONDO_0019737,thrombotic microangiopathy
Orphanet_2442,x-linked lymphoproliferative disease
MONDO_0009656,mucopolysaccharidosis type 3b
Orphanet_240071,classical progressive supranuclear palsy
EFO_0000622,neurofibroma
EFO_0005935,overweight body mass index status
EFO_1002028,cicatricial alopecia
HP_0000407,sensorineural hearing impairment
MONDO_0017610,epidermolysis bullosa simplex
Orphanet_77260,gaucher disease type 2
Orphanet_122,birt-hogg-dub√© syndrome
MONDO_0021121,hemangioendothelioma
MONDO_0016471,pachyonychia congenita
EFO_0002424,fibroma
EFO_1000464,pecoma
HP_0001626,abnormality of the cardiovascular system
EFO_1001761,angiofibroma
EFO_0006888,vascular malformation
EFO_1000762,scleredema adultorum
EFO_1000691,epidermolysis bullosa acquisita
EFO_0007455,progressive multifocal leukoencephalopathy
EFO_0003852,developmental disability
EFO_1001433,taeniasis
MONDO_0008318,proteus syndrome
Orphanet_816,sj√∂gren-larsson syndrome
MONDO_0003689,familial hemolytic anemia
MONDO_0009669,"spinal muscular atrophy, type 1"
MONDO_0009673,"spinal muscular atrophy, type ii"
EFO_0004210,gallstones
EFO_0009954,post-operative delirium
EFO_1001458,diabetic cardiomyopathy
EFO_1001810,mercury poisoning
EFO_0009868,sedation
MONDO_0018634,hereditary amyloidosis
HP_0001395,hepatic fibrosis
MONDO_0009295,glycogen storage disease vii
MONDO_0017290,familial intrahepatic cholestasis
MONDO_0010857,semantic dementia
HP_0004324,increased body weight
EFO_0008615,cystic kidney disease
HP_0001392,abnormality of the liver
MONDO_0020669,paranasal sinus cancer
HP_0002373,febrile seizure (within the age range of 3 months to 6 years)
MONDO_0010651,menkes disease
HP_0000478,abnormality of the eye
Orphanet_95157,acute hepatic porphyria
EFO_1000787,"osteoarthritis, spine"
EFO_0007322,idiopathic cd4-positive t-lymphocytopenia
MONDO_0009823,primary hyperoxaluria type 1
Orphanet_90,argininemia
MONDO_0021358,neoplasm of hypopharynx
MONDO_0004627,duodenitis
EFO_1000886,cutaneous mastocytosis
EFO_0007419,paramyxoviridae infectious disease
MONDO_0010585,x-linked hypohidrotic ectodermal dysplasia
MONDO_0002247,factor x deficiency
EFO_0007303,hepatitis e virus infection
EFO_0007301,hepadnaviridae infectious disease
MONDO_0018937,mucopolysaccharidosis type 3
EFO_1001230,uveal cancer
MONDO_0009561,alpha-mannosidosis
EFO_0005815,tauopathy
MONDO_0018852,achromatopsia
EFO_0009540,dental pulp disease
HP_0002243,protein-losing enteropathy
MONDO_0009655,mucopolysaccharidosis type 3a
EFO_0008601,pemphigus foliaceus
MONDO_0024969,"parasitic disease, non-human animal"
MONDO_0002921,congenital structural myopathy
MONDO_0009044,crigler-najjar syndrome
EFO_0010283,blood disease
EFO_0000200,plasma cell neoplasm
MONDO_0021334,immunoproliferative disorder
MONDO_0003159,vascular hemostatic disease
Orphanet_846,alpha-thalassemia
MONDO_0002912,brainstem cancer
EFO_0002431,tumour of cranial and spinal nerves
EFO_1001147,reflex sympathetic dystrophy
MONDO_0019600,xeroderma pigmentosum
MONDO_0002730,childhood kidney neoplasm
MONDO_0002279,iron metabolism disease
EFO_1001041,mesenchymal chondrosarcoma
EFO_1000541,soft tissue neoplasm
EFO_1000924,epilepsia partialis continua
MONDO_0002039,cognitive disorder
EFO_0009690,urinary system disease
MONDO_0016748,hemangioblastoma
EFO_1000950,giant cell reparative granuloma
EFO_0005802,cartilage disease
EFO_1000937,fetal erythroblastosis
EFO_1000692,epidermolysis bullosa dystrophica
MONDO_0020122,acquired idiopathic inflammatory myopathy
HP_0007803,monochromacy
EFO_0007216,congenital diaphragmatic hernia
MONDO_0018116,galactosemia
HP_0002293,alopecia of scalp
EFO_1001834,pulmonary aspergillosis
EFO_1000812,anterolateral myocardial infarction
MONDO_0006507,hereditary hemochromatosis
MONDO_0027766,generalized lipodystrophy
HP_0003073,hypoalbuminemia
MONDO_0015286,congenital disorder of glycosylation
HP_0001649,tachycardia
MONDO_0003684,clear cell chondrosarcoma
MONDO_0006715,coronary stenosis
EFO_0009493,paroxysmal tachycardia
EFO_1000753,phototoxic dermatitis
EFO_0007295,hantavirus infectious disease
HP_0000556,retinal dystrophy
EFO_1001872,agoraphobia
EFO_1000820,arteriosclerosis obliterans
EFO_1001393,periodontal pocket
EFO_0009386,central nervous system disease
HP_0006515,interstitial pneumonitis
MONDO_0003265,adjustment disorder
MONDO_0015053,hereditary angioedema type 1
EFO_0005932,animal disease
MONDO_0008752,alexander disease
EFO_1000804,anal gland neoplasm
EFO_0005612,morphine dependence
HP_0012803,anisometropia
HP_0001662,bradycardia
EFO_1000843,brachial plexus neuritis
EFO_1000854,causalgia
EFO_0009610,cervical spondylosis
EFO_1001378,neurogenic arthropathy
EFO_0003855,intestinal polyp
EFO_1001210,tethered spinal cord syndrome
EFO_0007548,yaws
HP_0030160,cervicitis
EFO_0007388,myelophthisic anemia
MONDO_0004069,inborn mitochondrial metabolism disorder
EFO_0009316,protein c deficiency
EFO_1001913,purpura fulminans
HP_0002248,hematemesis
HP_0001371,flexion contracture
HP_0001737,pancreatic cysts
EFO_1000889,"cystic, mucinous, and serous neoplasm"
EFO_1001436,thyroid nodule
MONDO_0001436,hemosiderosis
MONDO_0004900,peripheral vertigo
EFO_0009452,hyperaldosteronism
MONDO_0009698,unverricht-lundborg syndrome
EFO_0009727,shortness of breath
MONDO_0021322,malignant tumor of meninges
EFO_0003867,rhabdomyolysis
MONDO_0016033,cornelia de lange syndrome
MONDO_0000153,transposition of the great arteries
MONDO_0000931,endometrial disorder
EFO_0007477,scarlet fever
EFO_1001800,intervertebral disc displacement
MONDO_0009971,respiratory distress syndrome in premature infants
EFO_0005801,cholesterol embolism
EFO_1001795,fusariosis
EFO_0007485,silicosis
HP_0002576,intussusception
EFO_0009513,multiple bone fractures
EFO_0003895,epistaxis
EFO_0007390,necatoriasis
EFO_1001291,ciguatera poisoning
HP_0002063,rigidity
EFO_0009959,diverticular disease
HP_0002253,colonic diverticula
MONDO_0011426,aceruloplasminemia
Orphanet_590,congenital myasthenic syndromes
MONDO_0016163,autosomal dominant cerebellar ataxia type ii
EFO_1001033,marasmus
EFO_0004226,creutzfeldt jacob disease
MONDO_0000368,extrapulmonary tuberculosis
EFO_0003902,spinal fracture
EFO_0007625,asthenia
EFO_1001916,separation anxiety disorder
EFO_0003765,sign or symptom
MONDO_0001087,schizotypal personality disorder
HP_0011097,epileptic spasm
MONDO_0001314,chondrocalcinosis
MONDO_0021340,intertrigo
MONDO_0018958,nemaline myopathy
HP_0011096,peripheral demyelination
MONDO_0019118,inherited retinal dystrophy
EFO_1001420,schistosomiasis mansoni
EFO_0007404,opisthorchiasis
HP_0000979,purpura
EFO_1001237,vitamin a deficiency
